Time,gli,Datetime
1446474600,82.52227721702772,2015-11-02 14:30:00
1446561000,82.57522522227667,2015-11-03 14:30:00
1446647400,82.63997785420926,2015-11-04 14:30:00
1446733800,82.72101396836581,2015-11-05 14:30:00
1446820200,82.76218427879557,2015-11-06 14:30:00
1447079400,82.61430167163144,2015-11-09 14:30:00
1447165800,82.45416570903005,2015-11-10 14:30:00
1447252200,82.29510097961811,2015-11-11 14:30:00
1447338600,82.1712060877232,2015-11-12 14:30:00
1447425000,82.0848229060336,2015-11-13 14:30:00
1447684200,82.06638830409292,2015-11-16 14:30:00
1447770600,82.02903224290863,2015-11-17 14:30:00
1447857000,81.9725853177534,2015-11-18 14:30:00
1447943400,81.90356888425069,2015-11-19 14:30:00
1448029800,81.86759586866552,2015-11-20 14:30:00
1448289000,81.8302351709702,2015-11-23 14:30:00
1448375400,81.7985327649582,2015-11-24 14:30:00
1448461800,81.81380522929574,2015-11-25 14:30:00
1448634600,81.82800738999154,2015-11-27 14:30:00
1448893800,81.76370591569757,2015-11-30 14:30:00
1448980200,81.78967501591426,2015-12-01 14:30:00
1449066600,81.87863314780972,2015-12-02 14:30:00
1449153000,81.91170328090786,2015-12-03 14:30:00
1449239400,82.09069379416687,2015-12-04 14:30:00
1449498600,82.2679753129085,2015-12-07 14:30:00
1449585000,82.3344119958553,2015-12-08 14:30:00
1449671400,82.36590636116486,2015-12-09 14:30:00
1449757800,82.50212246458447,2015-12-10 14:30:00
1449844200,82.4662665063354,2015-12-11 14:30:00
1450103400,82.44964435533538,2015-12-14 14:30:00
1450189800,82.47578457215039,2015-12-15 14:30:00
1450276200,82.46620964180836,2015-12-16 14:30:00
1450362600,82.35268112002967,2015-12-17 14:30:00
1450449000,82.22813601551363,2015-12-18 14:30:00
1450708200,82.1460690246104,2015-12-21 14:30:00
1450794600,82.07597980132614,2015-12-22 14:30:00
1450881000,82.05057935251223,2015-12-23 14:30:00
1450967400,82.0403853227424,2015-12-24 14:30:00
1451313000,82.1338296569792,2015-12-28 14:30:00
1451399400,82.1654648124166,2015-12-29 14:30:00
1451485800,82.16454714077872,2015-12-30 14:30:00
1451572200,82.11495593070126,2015-12-31 14:30:00
1451917800,82.11644289955306,2016-01-04 14:30:00
1452004200,82.07741134436613,2016-01-05 14:30:00
1452090600,82.05941001681504,2016-01-06 14:30:00
1452177000,82.03807576113311,2016-01-07 14:30:00
1452263400,82.07298903505462,2016-01-08 14:30:00
1452522600,82.06458935189414,2016-01-11 14:30:00
1452609000,82.04097045678091,2016-01-12 14:30:00
1452695400,82.01527452375996,2016-01-13 14:30:00
1452781800,82.02887529991918,2016-01-14 14:30:00
1452868200,81.99841123638191,2016-01-15 14:30:00
1453213800,81.97311247205262,2016-01-19 14:30:00
1453300200,81.95780178674786,2016-01-20 14:30:00
1453386600,81.94120176985835,2016-01-21 14:30:00
1453473000,81.90170146260981,2016-01-22 14:30:00
1453732200,81.87739057859066,2016-01-25 14:30:00
1453818600,81.8602817308147,2016-01-26 14:30:00
1453905000,81.85934530533548,2016-01-27 14:30:00
1453991400,81.8474641013569,2016-01-28 14:30:00
1454077800,81.88224343196255,2016-01-29 14:30:00
1454337000,82.05254675650835,2016-02-01 14:30:00
1454423400,82.25247699133021,2016-02-02 14:30:00
1454509800,82.44184902055228,2016-02-03 14:30:00
1454596200,82.78708157999088,2016-02-04 14:30:00
1454682600,83.15891814619872,2016-02-05 14:30:00
1454941800,83.3714438643613,2016-02-08 14:30:00
1455028200,83.56794117673476,2016-02-09 14:30:00
1455114600,83.80835660126601,2016-02-10 14:30:00
1455201000,83.95798416907452,2016-02-11 14:30:00
1455287400,84.06140907526282,2016-02-12 14:30:00
1455633000,84.17189214760653,2016-02-16 14:30:00
1455719400,84.23298629399756,2016-02-17 14:30:00
1455805800,84.25451599688274,2016-02-18 14:30:00
1455892200,84.23541508388128,2016-02-19 14:30:00
1456151400,84.21854843493448,2016-02-22 14:30:00
1456237800,84.19926020678488,2016-02-23 14:30:00
1456324200,84.20090563408469,2016-02-24 14:30:00
1456410600,84.19370537766977,2016-02-25 14:30:00
1456497000,84.1702532481769,2016-02-26 14:30:00
1456756200,84.0604282435363,2016-02-29 14:30:00
1456842600,84.04571573661539,2016-03-01 14:30:00
1456929000,84.04476782665157,2016-03-02 14:30:00
1457015400,84.06389395041262,2016-03-03 14:30:00
1457101800,84.14613230276055,2016-03-04 14:30:00
1457361000,84.3477992558791,2016-03-07 14:30:00
1457447400,84.49187061266161,2016-03-08 14:30:00
1457533800,84.63836444819938,2016-03-09 14:30:00
1457620200,84.76372321169549,2016-03-10 14:30:00
1457706600,84.9016918962148,2016-03-11 14:30:00
1457962200,85.0143995340164,2016-03-14 13:30:00
1458048600,85.08421527983586,2016-03-15 13:30:00
1458135000,85.1174970143122,2016-03-16 13:30:00
1458221400,85.20725198824542,2016-03-17 13:30:00
1458307800,85.37350388951012,2016-03-18 13:30:00
1458567000,85.49456030705781,2016-03-21 13:30:00
1458653400,85.61747540741564,2016-03-22 13:30:00
1458739800,85.74528344023791,2016-03-23 13:30:00
1458826200,85.75459427973908,2016-03-24 13:30:00
1459171800,85.59472284805774,2016-03-28 13:30:00
1459258200,85.4769299116108,2016-03-29 13:30:00
1459344600,85.44060550142459,2016-03-30 13:30:00
1459431000,85.48805797294179,2016-03-31 13:30:00
1459517400,85.67075198971942,2016-04-01 13:30:00
1459776600,85.92733112175453,2016-04-04 13:30:00
1459863000,86.15966180852092,2016-04-05 13:30:00
1459949400,86.34372425801764,2016-04-06 13:30:00
1460035800,86.48855129553385,2016-04-07 13:30:00
1460122200,86.58366469255635,2016-04-08 13:30:00
1460381400,86.67032145111665,2016-04-11 13:30:00
1460467800,86.80194063440065,2016-04-12 13:30:00
1460554200,86.91938733605349,2016-04-13 13:30:00
1460640600,86.95555093095719,2016-04-14 13:30:00
1460727000,86.95320521301628,2016-04-15 13:30:00
1460986200,86.93779931428091,2016-04-18 13:30:00
1461072600,86.88077401788973,2016-04-19 13:30:00
1461159000,86.87967324450763,2016-04-20 13:30:00
1461245400,86.89606488369887,2016-04-21 13:30:00
1461331800,86.90919113360482,2016-04-22 13:30:00
1461591000,86.80556754766732,2016-04-25 13:30:00
1461677400,86.73768698845738,2016-04-26 13:30:00
1461763800,86.64794679695119,2016-04-27 13:30:00
1461850200,86.57244354010683,2016-04-28 13:30:00
1461936600,86.63525376823813,2016-04-29 13:30:00
1462195800,86.92820805284114,2016-05-02 13:30:00
1462282200,87.21522607289283,2016-05-03 13:30:00
1462368600,87.41145414856227,2016-05-04 13:30:00
1462455000,87.60815446941947,2016-05-05 13:30:00
1462541400,87.65300245179452,2016-05-06 13:30:00
1462800600,87.56148068651758,2016-05-09 13:30:00
1462887000,87.37575096963208,2016-05-10 13:30:00
1462973400,87.24080451906109,2016-05-11 13:30:00
1463059800,87.20440974849117,2016-05-12 13:30:00
1463146200,87.14985330450618,2016-05-13 13:30:00
1463405400,87.05424106712387,2016-05-16 13:30:00
1463491800,87.03047609689415,2016-05-17 13:30:00
1463578200,87.02622689207294,2016-05-18 13:30:00
1463664600,86.85661961015717,2016-05-19 13:30:00
1463751000,86.7199775486643,2016-05-20 13:30:00
1464010200,86.62967320913069,2016-05-23 13:30:00
1464096600,86.5362727706082,2016-05-24 13:30:00
1464183000,86.41184286470899,2016-05-25 13:30:00
1464269400,86.39295281060075,2016-05-26 13:30:00
1464355800,86.41611204113181,2016-05-27 13:30:00
1464701400,86.37476326297437,2016-05-31 13:30:00
1464787800,86.4107729956509,2016-06-01 13:30:00
1464874200,86.52613119411232,2016-06-02 13:30:00
1464960600,86.63034607419075,2016-06-03 13:30:00
1465219800,86.88102398876511,2016-06-06 13:30:00
1465306200,87.17189508005437,2016-06-07 13:30:00
1465392600,87.4012896536,2016-06-08 13:30:00
1465479000,87.62717430715246,2016-06-09 13:30:00
1465565400,87.82220208508228,2016-06-10 13:30:00
1465824600,87.79989009315392,2016-06-13 13:30:00
1465911000,87.79541518808776,2016-06-14 13:30:00
1465997400,87.7266691622611,2016-06-15 13:30:00
1466083800,87.65561285132398,2016-06-16 13:30:00
1466170200,87.63192671258867,2016-06-17 13:30:00
1466429400,87.68866027329028,2016-06-20 13:30:00
1466515800,87.79598584860683,2016-06-21 13:30:00
1466602200,87.89886574818898,2016-06-22 13:30:00
1466688600,87.98886242759185,2016-06-23 13:30:00
1466775000,88.07319021448632,2016-06-24 13:30:00
1467034200,88.00268717820335,2016-06-27 13:30:00
1467120600,87.79009392917118,2016-06-28 13:30:00
1467207000,87.64473655677212,2016-06-29 13:30:00
1467293400,87.50715133632022,2016-06-30 13:30:00
1467379800,87.47192878468339,2016-07-01 13:30:00
1467725400,87.64209071955025,2016-07-05 13:30:00
1467811800,87.8569957872331,2016-07-06 13:30:00
1467898200,88.05953295315294,2016-07-07 13:30:00
1467984600,88.23608467412978,2016-07-08 13:30:00
1468243800,88.31412931103107,2016-07-11 13:30:00
1468330200,88.24910697108051,2016-07-12 13:30:00
1468416600,88.20007065860452,2016-07-13 13:30:00
1468503000,88.16104622676264,2016-07-14 13:30:00
1468589400,88.12290905743792,2016-07-15 13:30:00
1468848600,88.03278387765542,2016-07-18 13:30:00
1468935000,87.97451782528199,2016-07-19 13:30:00
1469021400,87.91254571062319,2016-07-20 13:30:00
1469107800,87.81870518865018,2016-07-21 13:30:00
1469194200,87.74441271892333,2016-07-22 13:30:00
1469453400,87.67932567245603,2016-07-25 13:30:00
1469539800,87.64982216840181,2016-07-26 13:30:00
1469626200,87.68904385407487,2016-07-27 13:30:00
1469712600,87.75201008485938,2016-07-28 13:30:00
1469799000,87.80385134403889,2016-07-29 13:30:00
1470058200,88.08584457975937,2016-08-01 13:30:00
1470144600,88.34120619469184,2016-08-02 13:30:00
1470231000,88.64135257937706,2016-08-03 13:30:00
1470317400,88.89960609600541,2016-08-04 13:30:00
1470403800,89.12835069380412,2016-08-05 13:30:00
1470663000,89.10832184024744,2016-08-08 13:30:00
1470749400,89.09247204224809,2016-08-09 13:30:00
1470835800,89.02823826588842,2016-08-10 13:30:00
1470922200,89.065075634813,2016-08-11 13:30:00
1471008600,89.07088600724225,2016-08-12 13:30:00
1471267800,89.14631294001563,2016-08-15 13:30:00
1471354200,89.24251563125333,2016-08-16 13:30:00
1471440600,89.38095189101558,2016-08-17 13:30:00
1471527000,89.43348646449972,2016-08-18 13:30:00
1471613400,89.56078524483992,2016-08-19 13:30:00
1471872600,89.61987188776405,2016-08-22 13:30:00
1471959000,89.6584080318593,2016-08-23 13:30:00
1472045400,89.63118690470958,2016-08-24 13:30:00
1472131800,89.59511857663068,2016-08-25 13:30:00
1472218200,89.5273142525779,2016-08-26 13:30:00
1472477400,89.42148222349394,2016-08-29 13:30:00
1472563800,89.31435287401196,2016-08-30 13:30:00
1472650200,89.14486584683482,2016-08-31 13:30:00
1472736600,89.09271987759846,2016-09-01 13:30:00
1472823000,89.07404502884114,2016-09-02 13:30:00
1473168600,89.12883469823588,2016-09-06 13:30:00
1473255000,89.30329557781438,2016-09-07 13:30:00
1473341400,89.55985573202285,2016-09-08 13:30:00
1473427800,89.70044407151263,2016-09-09 13:30:00
1473687000,89.75860222299747,2016-09-12 13:30:00
1473773400,89.83819212329294,2016-09-13 13:30:00
1473859800,89.75880360171149,2016-09-14 13:30:00
1473946200,89.6796481939222,2016-09-15 13:30:00
1474032600,89.64260267484516,2016-09-16 13:30:00
1474291800,89.59558528013632,2016-09-19 13:30:00
1474378200,89.55975079297221,2016-09-20 13:30:00
1474464600,89.56049958593391,2016-09-21 13:30:00
1474551000,89.58450530887794,2016-09-22 13:30:00
1474637400,89.59078664852211,2016-09-23 13:30:00
1474896600,89.6376249478193,2016-09-26 13:30:00
1474983000,89.68312485817329,2016-09-27 13:30:00
1475069400,89.73578132506682,2016-09-28 13:30:00
1475155800,89.72148878891905,2016-09-29 13:30:00
1475242200,89.68843376777563,2016-09-30 13:30:00
1475501400,89.72022955304048,2016-10-03 13:30:00
1475587800,89.73059708517019,2016-10-04 13:30:00
1475674200,89.69087337966121,2016-10-05 13:30:00
1475760600,89.66341007771452,2016-10-06 13:30:00
1475847000,89.6254059517965,2016-10-07 13:30:00
1476106200,89.57391026015418,2016-10-10 13:30:00
1476192600,89.45934266973238,2016-10-11 13:30:00
1476279000,89.34828667863707,2016-10-12 13:30:00
1476365400,89.2094526456963,2016-10-13 13:30:00
1476451800,89.12467094087357,2016-10-14 13:30:00
1476711000,88.97240104773742,2016-10-17 13:30:00
1476797400,88.89167380527557,2016-10-18 13:30:00
1476883800,88.86750341875921,2016-10-19 13:30:00
1476970200,88.89189612197212,2016-10-20 13:30:00
1477056600,88.84530516828679,2016-10-21 13:30:00
1477315800,88.79719333586532,2016-10-24 13:30:00
1477402200,88.73241395486659,2016-10-25 13:30:00
1477488600,88.67431587637658,2016-10-26 13:30:00
1477575000,88.58470586912712,2016-10-27 13:30:00
1477661400,88.49484109284951,2016-10-28 13:30:00
1477920600,88.47698347161177,2016-10-31 13:30:00
1478007000,88.5300938955838,2016-11-01 13:30:00
1478093400,88.63570248720414,2016-11-02 13:30:00
1478179800,88.793996338916,2016-11-03 13:30:00
1478266200,89.0246336642345,2016-11-04 13:30:00
1478529000,89.2371075775201,2016-11-07 14:30:00
1478615400,89.30562923655762,2016-11-08 14:30:00
1478701800,89.29995095265585,2016-11-09 14:30:00
1478788200,89.18612053489232,2016-11-10 14:30:00
1478874600,88.95827442487402,2016-11-11 14:30:00
1479133800,88.6992303298946,2016-11-14 14:30:00
1479220200,88.40129949629394,2016-11-15 14:30:00
1479306600,88.09293885339909,2016-11-16 14:30:00
1479393000,87.81953029105159,2016-11-17 14:30:00
1479479400,87.5870100556023,2016-11-18 14:30:00
1479738600,87.30924963124176,2016-11-21 14:30:00
1479825000,87.17548269748961,2016-11-22 14:30:00
1479911400,87.06294714541471,2016-11-23 14:30:00
1480084200,86.89740211880272,2016-11-25 14:30:00
1480343400,86.78384866655776,2016-11-28 14:30:00
1480429800,86.77462375346119,2016-11-29 14:30:00
1480516200,86.75026136088475,2016-11-30 14:30:00
1480602600,86.75990325366092,2016-12-01 14:30:00
1480689000,86.9029895419277,2016-12-02 14:30:00
1480948200,87.06790893259155,2016-12-05 14:30:00
1481034600,87.21563533603704,2016-12-06 14:30:00
1481121000,87.32977323217949,2016-12-07 14:30:00
1481207400,87.45751053634413,2016-12-08 14:30:00
1481293800,87.4889766972241,2016-12-09 14:30:00
1481553000,87.4280317380131,2016-12-12 14:30:00
1481639400,87.38505932318091,2016-12-13 14:30:00
1481725800,87.35392237841837,2016-12-14 14:30:00
1481812200,87.19951161303958,2016-12-15 14:30:00
1481898600,86.98553119022836,2016-12-16 14:30:00
1482157800,86.83801085223818,2016-12-19 14:30:00
1482244200,86.63516996912092,2016-12-20 14:30:00
1482330600,86.4202193047973,2016-12-21 14:30:00
1482417000,86.29530737398801,2016-12-22 14:30:00
1482503400,86.26934949489387,2016-12-23 14:30:00
1482849000,86.27497820780947,2016-12-27 14:30:00
1482935400,86.27143319484847,2016-12-28 14:30:00
1483021800,86.26087266783593,2016-12-29 14:30:00
1483108200,86.29163075167818,2016-12-30 14:30:00
1483453800,86.38133549593131,2017-01-03 14:30:00
1483540200,86.44376343191024,2017-01-04 14:30:00
1483626600,86.59810492177557,2017-01-05 14:30:00
1483713000,86.92224109819887,2017-01-06 14:30:00
1483972200,87.09899037723014,2017-01-09 14:30:00
1484058600,87.24631244295996,2017-01-10 14:30:00
1484145000,87.40575370802269,2017-01-11 14:30:00
1484231400,87.50597728369817,2017-01-12 14:30:00
1484317800,87.54148522169619,2017-01-13 14:30:00
1484663400,87.67085242633928,2017-01-17 14:30:00
1484749800,87.93277275906969,2017-01-18 14:30:00
1484836200,88.08620035748808,2017-01-19 14:30:00
1484922600,88.20772739942201,2017-01-20 14:30:00
1485181800,88.27571311103267,2017-01-23 14:30:00
1485268200,88.44818009742592,2017-01-24 14:30:00
1485354600,88.43602036704772,2017-01-25 14:30:00
1485441000,88.52060111117332,2017-01-26 14:30:00
1485527400,88.56297857129807,2017-01-27 14:30:00
1485786600,88.57864949318119,2017-01-30 14:30:00
1485873000,88.5255391927445,2017-01-31 14:30:00
1485959400,88.69125920079394,2017-02-01 14:30:00
1486045800,88.85223442474302,2017-02-02 14:30:00
1486132200,89.10704406415314,2017-02-03 14:30:00
1486391400,89.36920257029657,2017-02-06 14:30:00
1486477800,89.60962817296334,2017-02-07 14:30:00
1486564200,89.5981898820068,2017-02-08 14:30:00
1486650600,89.63510916886727,2017-02-09 14:30:00
1486737000,89.59358237584055,2017-02-10 14:30:00
1486996200,89.54860511606697,2017-02-13 14:30:00
1487082600,89.4641047861905,2017-02-14 14:30:00
1487169000,89.4527278251395,2017-02-15 14:30:00
1487255400,89.39565244469532,2017-02-16 14:30:00
1487341800,89.43072529579361,2017-02-17 14:30:00
1487687400,89.41900041485998,2017-02-21 14:30:00
1487773800,89.39305886935759,2017-02-22 14:30:00
1487860200,89.39503558416818,2017-02-23 14:30:00
1487946600,89.43853391599079,2017-02-24 14:30:00
1488205800,89.42357024380854,2017-02-27 14:30:00
1488292200,89.44931589922386,2017-02-28 14:30:00
1488378600,89.53709298790227,2017-03-01 14:30:00
1488465000,89.57141192554451,2017-03-02 14:30:00
1488551400,89.50171789509895,2017-03-03 14:30:00
1488810600,89.48213156509216,2017-03-06 14:30:00
1488897000,89.44877117240982,2017-03-07 14:30:00
1488983400,89.38807674299979,2017-03-08 14:30:00
1489069800,89.31810615566387,2017-03-09 14:30:00
1489156200,89.29900983518604,2017-03-10 14:30:00
1489411800,89.28831525832254,2017-03-13 13:30:00
1489498200,89.29207370698293,2017-03-14 13:30:00
1489584600,89.2902872309646,2017-03-15 13:30:00
1489671000,89.4344720573358,2017-03-16 13:30:00
1489757400,89.62295739800877,2017-03-17 13:30:00
1490016600,89.7604331550483,2017-03-20 13:30:00
1490103000,89.91651590525521,2017-03-21 13:30:00
1490189400,90.13650720020492,2017-03-22 13:30:00
1490275800,90.25014948783652,2017-03-23 13:30:00
1490362200,90.32321317272265,2017-03-24 13:30:00
1490621400,90.40975963199904,2017-03-27 13:30:00
1490707800,90.53244467006533,2017-03-28 13:30:00
1490794200,90.5571866351382,2017-03-29 13:30:00
1490880600,90.55059544324378,2017-03-30 13:30:00
1490967000,90.50343010934026,2017-03-31 13:30:00
1491226200,90.55567580412631,2017-04-03 13:30:00
1491312600,90.59261387418033,2017-04-04 13:30:00
1491399000,90.68260545550665,2017-04-05 13:30:00
1491485400,90.78445716927155,2017-04-06 13:30:00
1491571800,90.92169099719786,2017-04-07 13:30:00
1491831000,90.90555406650545,2017-04-10 13:30:00
1491917400,90.86241482456515,2017-04-11 13:30:00
1492003800,90.86349129367764,2017-04-12 13:30:00
1492090200,90.92189027912762,2017-04-13 13:30:00
1492435800,90.98702165688773,2017-04-17 13:30:00
1492522200,91.11305194876903,2017-04-18 13:30:00
1492608600,91.27233013394395,2017-04-19 13:30:00
1492695000,91.33037508073878,2017-04-20 13:30:00
1492781400,91.33942997655697,2017-04-21 13:30:00
1493040600,91.359163564304,2017-04-24 13:30:00
1493127000,91.39335102288551,2017-04-25 13:30:00
1493213400,91.37824821479624,2017-04-26 13:30:00
1493299800,91.38585357405604,2017-04-27 13:30:00
1493386200,91.36643866141512,2017-04-28 13:30:00
1493645400,91.40793168717269,2017-05-01 13:30:00
1493731800,91.40686595246204,2017-05-02 13:30:00
1493818200,91.42461630117558,2017-05-03 13:30:00
1493904600,91.42007217403584,2017-05-04 13:30:00
1493991000,91.48066409272481,2017-05-05 13:30:00
1494250200,91.47458681688936,2017-05-08 13:30:00
1494336600,91.4244222837591,2017-05-09 13:30:00
1494423000,91.32296853172235,2017-05-10 13:30:00
1494509400,91.28700484714705,2017-05-11 13:30:00
1494595800,91.2300290313054,2017-05-12 13:30:00
1494855000,91.21177284628857,2017-05-15 13:30:00
1494941400,91.27775053029602,2017-05-16 13:30:00
1495027800,91.43965161799072,2017-05-17 13:30:00
1495114200,91.66781748345889,2017-05-18 13:30:00
1495200600,91.79218858780713,2017-05-19 13:30:00
1495459800,91.95585905199228,2017-05-22 13:30:00
1495546200,92.09302873331201,2017-05-23 13:30:00
1495632600,92.13475209464842,2017-05-24 13:30:00
1495719000,92.12782275904783,2017-05-25 13:30:00
1495805400,92.21483832066536,2017-05-26 13:30:00
1496151000,92.22611388930736,2017-05-30 13:30:00
1496237400,92.2369124533748,2017-05-31 13:30:00
1496323800,92.39327027249882,2017-06-01 13:30:00
1496410200,92.52042519209036,2017-06-02 13:30:00
1496669400,92.68924663174192,2017-06-05 13:30:00
1496755800,92.84600460805733,2017-06-06 13:30:00
1496842200,93.04330166286637,2017-06-07 13:30:00
1496928600,93.12382137421774,2017-06-08 13:30:00
1497015000,93.1676260003759,2017-06-09 13:30:00
1497274200,93.1483211125779,2017-06-12 13:30:00
1497360600,93.14645790096469,2017-06-13 13:30:00
1497447000,93.09411556586073,2017-06-14 13:30:00
1497533400,93.08904865530383,2017-06-15 13:30:00
1497619800,93.04916791925027,2017-06-16 13:30:00
1497879000,93.03206853226109,2017-06-19 13:30:00
1497965400,92.95959656644968,2017-06-20 13:30:00
1498051800,92.85233828042212,2017-06-21 13:30:00
1498138200,92.70804349543937,2017-06-22 13:30:00
1498224600,92.63138876182569,2017-06-23 13:30:00
1498483800,92.56546843725852,2017-06-26 13:30:00
1498570200,92.5392447171985,2017-06-27 13:30:00
1498656600,92.60328709027844,2017-06-28 13:30:00
1498743000,92.7023551717289,2017-06-29 13:30:00
1498829400,92.83651449771148,2017-06-30 13:30:00
1499088600,93.0541017729125,2017-07-03 13:30:00
1499261400,93.22263274323896,2017-07-05 13:30:00
1499347800,93.35066161691839,2017-07-06 13:30:00
1499434200,93.47709795295366,2017-07-07 13:30:00
1499693400,93.54348933824541,2017-07-10 13:30:00
1499779800,93.50732340656506,2017-07-11 13:30:00
1499866200,93.55424365716794,2017-07-12 13:30:00
1499952600,93.623067676368,2017-07-13 13:30:00
1500039000,93.66878295219362,2017-07-14 13:30:00
1500298200,93.81981201273075,2017-07-17 13:30:00
1500384600,93.97706681971906,2017-07-18 13:30:00
1500471000,94.16832003224445,2017-07-19 13:30:00
1500557400,94.31427139067621,2017-07-20 13:30:00
1500643800,94.49337777909581,2017-07-21 13:30:00
1500903000,94.6102124873406,2017-07-24 13:30:00
1500989400,94.73610750812597,2017-07-25 13:30:00
1501075800,94.78275813150951,2017-07-26 13:30:00
1501162200,94.89689465121799,2017-07-27 13:30:00
1501248600,94.93779426904771,2017-07-28 13:30:00
1501507800,95.00989501150414,2017-07-31 13:30:00
1501594200,95.1507132118933,2017-08-01 13:30:00
1501680600,95.31573400175542,2017-08-02 13:30:00
1501767000,95.42727525011934,2017-08-03 13:30:00
1501853400,95.5980880890531,2017-08-04 13:30:00
1502112600,95.64703444837804,2017-08-07 13:30:00
1502199000,95.61850247516752,2017-08-08 13:30:00
1502285400,95.59234672795598,2017-08-09 13:30:00
1502371800,95.60216681696399,2017-08-10 13:30:00
1502458200,95.62707482219272,2017-08-11 13:30:00
1502717400,95.73729199023468,2017-08-14 13:30:00
1502803800,95.80209990206446,2017-08-15 13:30:00
1502890200,95.80316683593037,2017-08-16 13:30:00
1502976600,95.79459430691382,2017-08-17 13:30:00
1503063000,95.75751365753163,2017-08-18 13:30:00
1503322200,95.73098289607125,2017-08-21 13:30:00
1503408600,95.76906558522185,2017-08-22 13:30:00
1503495000,95.82488712788657,2017-08-23 13:30:00
1503581400,95.89507801633508,2017-08-24 13:30:00
1503667800,95.94220720114353,2017-08-25 13:30:00
1503927000,96.04148270525342,2017-08-28 13:30:00
1504013400,96.18559735443989,2017-08-29 13:30:00
1504099800,96.34326197499051,2017-08-30 13:30:00
1504186200,96.41665203516813,2017-08-31 13:30:00
1504272600,96.60880306421373,2017-09-01 13:30:00
1504618200,96.80318604096772,2017-09-05 13:30:00
1504704600,96.9599546197672,2017-09-06 13:30:00
1504791000,97.15158260775169,2017-09-07 13:30:00
1504877400,97.48980114810747,2017-09-08 13:30:00
1505136600,97.75393877446318,2017-09-11 13:30:00
1505223000,97.82707908675545,2017-09-12 13:30:00
1505309400,97.83998818690331,2017-09-13 13:30:00
1505395800,97.78122651521782,2017-09-14 13:30:00
1505482200,97.63921319439194,2017-09-15 13:30:00
1505741400,97.47074000248213,2017-09-18 13:30:00
1505827800,97.36599645335063,2017-09-19 13:30:00
1505914200,97.29072717726363,2017-09-20 13:30:00
1506000600,97.21453575204701,2017-09-21 13:30:00
1506087000,97.11244827105165,2017-09-22 13:30:00
1506346200,97.01894392007947,2017-09-25 13:30:00
1506432600,96.91096005131395,2017-09-26 13:30:00
1506519000,96.7440776980442,2017-09-27 13:30:00
1506605400,96.56825583078437,2017-09-28 13:30:00
1506691800,96.41244960291083,2017-09-29 13:30:00
1506951000,96.30208109278544,2017-10-02 13:30:00
1507037400,96.24039722713195,2017-10-03 13:30:00
1507123800,96.2382519678977,2017-10-04 13:30:00
1507210200,96.31695399711928,2017-10-05 13:30:00
1507296600,96.35577817069829,2017-10-06 13:30:00
1507555800,96.33950276832903,2017-10-09 13:30:00
1507642200,96.3708350718953,2017-10-10 13:30:00
1507728600,96.48864245200326,2017-10-11 13:30:00
1507815000,96.59726127787978,2017-10-12 13:30:00
1507901400,96.72815376692037,2017-10-13 13:30:00
1508160600,96.89341234312766,2017-10-16 13:30:00
1508247000,96.99604746189168,2017-10-17 13:30:00
1508333400,96.95822789573711,2017-10-18 13:30:00
1508419800,96.8957655777162,2017-10-19 13:30:00
1508506200,96.87798076293193,2017-10-20 13:30:00
1508765400,96.75700676482268,2017-10-23 13:30:00
1508851800,96.6339646662897,2017-10-24 13:30:00
1508938200,96.55253016013134,2017-10-25 13:30:00
1509024600,96.50838701238594,2017-10-26 13:30:00
1509111000,96.34166590293813,2017-10-27 13:30:00
1509370200,96.22282607997211,2017-10-30 13:30:00
1509456600,96.17453931053433,2017-10-31 13:30:00
1509543000,96.19105017846377,2017-11-01 13:30:00
1509629400,96.22195339477264,2017-11-02 13:30:00
1509715800,96.33789179344357,2017-11-03 13:30:00
1509978600,96.40992368410693,2017-11-06 14:30:00
1510065000,96.48390441200233,2017-11-07 14:30:00
1510151400,96.46486971421666,2017-11-08 14:30:00
1510237800,96.44019130290617,2017-11-09 14:30:00
1510324200,96.42929082443618,2017-11-10 14:30:00
1510583400,96.47772813528758,2017-11-13 14:30:00
1510669800,96.48363182871309,2017-11-14 14:30:00
1510756200,96.57670531366416,2017-11-15 14:30:00
1510842600,96.66996455144383,2017-11-16 14:30:00
1510929000,96.73762882567003,2017-11-17 14:30:00
1511188200,96.84723020953447,2017-11-20 14:30:00
1511274600,96.9215920264008,2017-11-21 14:30:00
1511361000,96.96039881250589,2017-11-22 14:30:00
1511533800,97.10942589268274,2017-11-24 14:30:00
1511793000,97.27052773753572,2017-11-27 14:30:00
1511879400,97.38477813081454,2017-11-28 14:30:00
1511965800,97.50879839317437,2017-11-29 14:30:00
1512052200,97.59654959472827,2017-11-30 14:30:00
1512138600,97.65524699022916,2017-12-01 14:30:00
1512397800,97.7245487404023,2017-12-04 14:30:00
1512484200,97.77370726483598,2017-12-05 14:30:00
1512570600,97.83690785116991,2017-12-06 14:30:00
1512657000,97.91563031783272,2017-12-07 14:30:00
1512743400,97.85604665398935,2017-12-08 14:30:00
1513002600,97.76172123614518,2017-12-11 14:30:00
1513089000,97.68619340171291,2017-12-12 14:30:00
1513175400,97.60682936194394,2017-12-13 14:30:00
1513261800,97.623343846184,2017-12-14 14:30:00
1513348200,97.66433207892766,2017-12-15 14:30:00
1513607400,97.71349945340614,2017-12-18 14:30:00
1513693800,97.77611231220979,2017-12-19 14:30:00
1513780200,97.8797215092813,2017-12-20 14:30:00
1513866600,97.89898159367138,2017-12-21 14:30:00
1513953000,97.92669924055409,2017-12-22 14:30:00
1514298600,98.01008908600757,2017-12-26 14:30:00
1514385000,98.08358456440865,2017-12-27 14:30:00
1514471400,98.12312208809742,2017-12-28 14:30:00
1514557800,98.21787338407114,2017-12-29 14:30:00
1514903400,98.39319774558624,2018-01-02 14:30:00
1514989800,98.62166221640898,2018-01-03 14:30:00
1515076200,98.81661881252064,2018-01-04 14:30:00
1515162600,99.05409959183018,2018-01-05 14:30:00
1515421800,99.22876665403679,2018-01-08 14:30:00
1515508200,99.28646456768507,2018-01-09 14:30:00
1515594600,99.20945550090194,2018-01-10 14:30:00
1515681000,99.22140672952428,2018-01-11 14:30:00
1515767400,99.25815763614168,2018-01-12 14:30:00
1516113000,99.48172570834313,2018-01-16 14:30:00
1516199400,99.73576721924812,2018-01-17 14:30:00
1516285800,99.98031583129384,2018-01-18 14:30:00
1516372200,100.21921163824538,2018-01-19 14:30:00
1516631400,100.4156728414113,2018-01-22 14:30:00
1516717800,100.44736602880428,2018-01-23 14:30:00
1516804200,100.51177258356843,2018-01-24 14:30:00
1516890600,100.7526193143628,2018-01-25 14:30:00
1516977000,100.97785867109323,2018-01-26 14:30:00
1517236200,101.23181271393338,2018-01-29 14:30:00
1517322600,101.41853031409873,2018-01-30 14:30:00
1517409000,101.59682114529582,2018-01-31 14:30:00
1517495400,101.8227874620615,2018-02-01 14:30:00
1517581800,102.04486314296427,2018-02-02 14:30:00
1517841000,102.14032059523953,2018-02-05 14:30:00
1517927400,102.26876411427985,2018-02-06 14:30:00
1518013800,102.38686437996328,2018-02-07 14:30:00
1518100200,102.30080759349507,2018-02-08 14:30:00
1518186600,102.12764040678297,2018-02-09 14:30:00
1518445800,102.06569866372186,2018-02-12 14:30:00
1518532200,102.01641330190736,2018-02-13 14:30:00
1518618600,101.98763553050014,2018-02-14 14:30:00
1518705000,102.07392860701617,2018-02-15 14:30:00
1518791400,102.27744234164314,2018-02-16 14:30:00
1519137000,102.39547019990741,2018-02-20 14:30:00
1519223400,102.4579619877276,2018-02-21 14:30:00
1519309800,102.43919508678876,2018-02-22 14:30:00
1519396200,102.37692758535583,2018-02-23 14:30:00
1519655400,102.26876398526781,2018-02-26 14:30:00
1519741800,102.2494378495632,2018-02-27 14:30:00
1519828200,102.22603792677819,2018-02-28 14:30:00
1519914600,102.29302293797937,2018-03-01 14:30:00
1520001000,102.32274287608473,2018-03-02 14:30:00
1520260200,102.38907096599789,2018-03-05 14:30:00
1520346600,102.41459222898068,2018-03-06 14:30:00
1520433000,102.58653210834143,2018-03-07 14:30:00
1520519400,102.70598063047075,2018-03-08 14:30:00
1520605800,102.74615179906041,2018-03-09 14:30:00
1520861400,102.74865905275928,2018-03-12 13:30:00
1520947800,102.78366686032663,2018-03-13 13:30:00
1521034200,102.76452871313418,2018-03-14 13:30:00
1521120600,102.74963161715723,2018-03-15 13:30:00
1521207000,102.76359738772696,2018-03-16 13:30:00
1521466200,102.74851645285337,2018-03-19 13:30:00
1521552600,102.73054419096948,2018-03-20 13:30:00
1521639000,102.62895516347149,2018-03-21 13:30:00
1521725400,102.61199316118564,2018-03-22 13:30:00
1521811800,102.61325578279605,2018-03-23 13:30:00
1522071000,102.68662328233009,2018-03-26 13:30:00
1522157400,102.81387160246577,2018-03-27 13:30:00
1522243800,102.95781247256176,2018-03-28 13:30:00
1522330200,102.930716167697,2018-03-29 13:30:00
1522675800,103.03332351483853,2018-04-02 13:30:00
1522762200,103.07901633369383,2018-04-03 13:30:00
1522848600,103.00925644750987,2018-04-04 13:30:00
1522935000,102.96762713847883,2018-04-05 13:30:00
1523021400,102.98131555647115,2018-04-06 13:30:00
1523280600,102.91012245164598,2018-04-09 13:30:00
1523367000,102.84719241023717,2018-04-10 13:30:00
1523453400,102.85044117136658,2018-04-11 13:30:00
1523539800,102.89840863821594,2018-04-12 13:30:00
1523626200,102.93160831341223,2018-04-13 13:30:00
1523885400,102.9645222505844,2018-04-16 13:30:00
1523971800,103.02269286821574,2018-04-17 13:30:00
1524058200,103.046203638515,2018-04-18 13:30:00
1524144600,103.03922692793383,2018-04-19 13:30:00
1524231000,103.05256667317965,2018-04-20 13:30:00
1524490200,102.98085479639,2018-04-23 13:30:00
1524576600,102.77531988640207,2018-04-24 13:30:00
1524663000,102.6079719050557,2018-04-25 13:30:00
1524749400,102.3369819202957,2018-04-26 13:30:00
1524835800,102.07437472877783,2018-04-27 13:30:00
1525095000,101.89990996338499,2018-04-30 13:30:00
1525181400,101.8321273776759,2018-05-01 13:30:00
1525267800,101.67636060236393,2018-05-02 13:30:00
1525354200,101.55147067498162,2018-05-03 13:30:00
1525440600,101.49837456164278,2018-05-04 13:30:00
1525699800,101.40634041533266,2018-05-07 13:30:00
1525786200,101.27979249082196,2018-05-08 13:30:00
1525872600,101.1849117696963,2018-05-09 13:30:00
1525959000,101.15825950821855,2018-05-10 13:30:00
1526045400,101.15218871711313,2018-05-11 13:30:00
1526304600,101.17747157768278,2018-05-14 13:30:00
1526391000,101.21517005521584,2018-05-15 13:30:00
1526477400,101.17167567590319,2018-05-16 13:30:00
1526563800,101.1352872690442,2018-05-17 13:30:00
1526650200,101.01713777207429,2018-05-18 13:30:00
1526909400,100.84688853055543,2018-05-21 13:30:00
1526995800,100.70319587616339,2018-05-22 13:30:00
1527082200,100.69189089440647,2018-05-23 13:30:00
1527168600,100.64843412536884,2018-05-24 13:30:00
1527255000,100.65324677650642,2018-05-25 13:30:00
1527600600,100.6228424451509,2018-05-29 13:30:00
1527687000,100.5460645266554,2018-05-30 13:30:00
1527773400,100.49102370146844,2018-05-31 13:30:00
1527859800,100.56858672174928,2018-06-01 13:30:00
1528119000,100.585225359313,2018-06-04 13:30:00
1528205400,100.69379691740946,2018-06-05 13:30:00
1528291800,100.84610442559665,2018-06-06 13:30:00
1528378200,100.98694882764997,2018-06-07 13:30:00
1528464600,101.02255054515953,2018-06-08 13:30:00
1528723800,101.08389609350439,2018-06-11 13:30:00
1528810200,101.1107557354047,2018-06-12 13:30:00
1528896600,101.1045352273699,2018-06-13 13:30:00
1528983000,101.09026487586087,2018-06-14 13:30:00
1529069400,100.95949791713397,2018-06-15 13:30:00
1529328600,100.79833762332666,2018-06-18 13:30:00
1529415000,100.65282577406626,2018-06-19 13:30:00
1529501400,100.4789699614732,2018-06-20 13:30:00
1529587800,100.25783247154185,2018-06-21 13:30:00
1529674200,100.1581620055169,2018-06-22 13:30:00
1529933400,100.10425493814157,2018-06-25 13:30:00
1530019800,100.02649626418442,2018-06-26 13:30:00
1530106200,99.92992847139473,2018-06-27 13:30:00
1530192600,99.7649661026525,2018-06-28 13:30:00
1530279000,99.5716780188557,2018-06-29 13:30:00
1530538200,99.56236063734065,2018-07-02 13:30:00
1530624600,99.49914679272376,2018-07-03 13:30:00
1530797400,99.5833212576268,2018-07-05 13:30:00
1530883800,99.75999168072128,2018-07-06 13:30:00
1531143000,99.98818862160546,2018-07-09 13:30:00
1531229400,100.04381573749511,2018-07-10 13:30:00
1531315800,100.15507228048855,2018-07-11 13:30:00
1531402200,100.07298609472161,2018-07-12 13:30:00
1531488600,99.99063669021608,2018-07-13 13:30:00
1531747800,99.86576927000438,2018-07-16 13:30:00
1531834200,99.73776906967461,2018-07-17 13:30:00
1531920600,99.57282416926132,2018-07-18 13:30:00
1532007000,99.50016449848621,2018-07-19 13:30:00
1532093400,99.37551971055674,2018-07-20 13:30:00
1532352600,99.33820270937183,2018-07-23 13:30:00
1532439000,99.24749833834541,2018-07-24 13:30:00
1532525400,99.21435546833986,2018-07-25 13:30:00
1532611800,99.27352190971911,2018-07-26 13:30:00
1532698200,99.30800404316467,2018-07-27 13:30:00
1532957400,99.2715153381989,2018-07-30 13:30:00
1533043800,99.28930863684604,2018-07-31 13:30:00
1533130200,99.32676919035063,2018-08-01 13:30:00
1533216600,99.26799188680698,2018-08-02 13:30:00
1533303000,99.2313453835084,2018-08-03 13:30:00
1533562200,99.20154943808322,2018-08-06 13:30:00
1533648600,99.11489716391324,2018-08-07 13:30:00
1533735000,99.04228602688049,2018-08-08 13:30:00
1533821400,99.01407314712873,2018-08-09 13:30:00
1533907800,99.00162805144726,2018-08-10 13:30:00
1534167000,98.8934078291065,2018-08-13 13:30:00
1534253400,98.77414676414043,2018-08-14 13:30:00
1534339800,98.60161440276838,2018-08-15 13:30:00
1534426200,98.35987097341702,2018-08-16 13:30:00
1534512600,98.20920104389795,2018-08-17 13:30:00
1534771800,98.19252479558243,2018-08-20 13:30:00
1534858200,98.27379733822588,2018-08-21 13:30:00
1534944600,98.40716597105747,2018-08-22 13:30:00
1535031000,98.59968161528985,2018-08-23 13:30:00
1535117400,98.64719867955048,2018-08-24 13:30:00
1535376600,98.75233174437317,2018-08-27 13:30:00
1535463000,98.83511007124913,2018-08-28 13:30:00
1535549400,98.88686387855412,2018-08-29 13:30:00
1535635800,98.92332656561405,2018-08-30 13:30:00
1535722200,99.02210774981111,2018-08-31 13:30:00
1536067800,99.07377195912204,2018-09-04 13:30:00
1536154200,99.04653946271156,2018-09-05 13:30:00
1536240600,99.05347075622016,2018-09-06 13:30:00
1536327000,99.08938613096124,2018-09-07 13:30:00
1536586200,99.10449778674148,2018-09-10 13:30:00
1536672600,99.0567356998632,2018-09-11 13:30:00
1536759000,99.04215045517824,2018-09-12 13:30:00
1536845400,99.04014838479225,2018-09-13 13:30:00
1536931800,99.04175097068386,2018-09-14 13:30:00
1537191000,99.04312028230208,2018-09-17 13:30:00
1537277400,99.0906306506078,2018-09-18 13:30:00
1537363800,99.1359469960848,2018-09-19 13:30:00
1537450200,99.1480547792414,2018-09-20 13:30:00
1537536600,99.18958884555857,2018-09-21 13:30:00
1537795800,99.25212588130736,2018-09-24 13:30:00
1537882200,99.26018434204964,2018-09-25 13:30:00
1537968600,99.28579401129778,2018-09-26 13:30:00
1538055000,99.27596457718005,2018-09-27 13:30:00
1538141400,99.14224237202063,2018-09-28 13:30:00
1538400600,99.09456900730808,2018-10-01 13:30:00
1538487000,99.05073476701958,2018-10-02 13:30:00
1538573400,99.00320637649412,2018-10-03 13:30:00
1538659800,98.91576191380764,2018-10-04 13:30:00
1538746200,98.9213808100802,2018-10-05 13:30:00
1539005400,98.8895115877503,2018-10-08 13:30:00
1539091800,98.81092955224491,2018-10-09 13:30:00
1539178200,98.76474886096523,2018-10-10 13:30:00
1539264600,98.80128655100705,2018-10-11 13:30:00
1539351000,98.88416627138523,2018-10-12 13:30:00
1539610200,98.9085293490617,2018-10-15 13:30:00
1539696600,99.01870258962292,2018-10-16 13:30:00
1539783000,99.09768555066624,2018-10-17 13:30:00
1539869400,99.09295253110227,2018-10-18 13:30:00
1539955800,98.99185830663782,2018-10-19 13:30:00
1540215000,98.95651655313823,2018-10-22 13:30:00
1540301400,98.84436674297741,2018-10-23 13:30:00
1540387800,98.75511081002936,2018-10-24 13:30:00
1540474200,98.6800707419693,2018-10-25 13:30:00
1540560600,98.6191703196484,2018-10-26 13:30:00
1540819800,98.55925107688515,2018-10-29 13:30:00
1540906200,98.48911445315596,2018-10-30 13:30:00
1540992600,98.36893160883714,2018-10-31 13:30:00
1541079000,98.27069364500208,2018-11-01 13:30:00
1541165400,98.31555178399383,2018-11-02 13:30:00
1541428200,98.34195324444609,2018-11-05 14:30:00
1541514600,98.40196801352803,2018-11-06 14:30:00
1541601000,98.50049326656101,2018-11-07 14:30:00
1541687400,98.63960735986203,2018-11-08 14:30:00
1541773800,98.59074442713981,2018-11-09 14:30:00
1542033000,98.49434285867184,2018-11-12 14:30:00
1542119400,98.35313035372978,2018-11-13 14:30:00
1542205800,98.24488923123866,2018-11-14 14:30:00
1542292200,98.1365365641168,2018-11-15 14:30:00
1542378600,98.10887934508885,2018-11-16 14:30:00
1542637800,98.18700478291659,2018-11-19 14:30:00
1542724200,98.34627074338782,2018-11-20 14:30:00
1542810600,98.41001482984356,2018-11-21 14:30:00
1542983400,98.4798808738819,2018-11-23 14:30:00
1543242600,98.4835139431706,2018-11-26 14:30:00
1543329000,98.40002664048156,2018-11-27 14:30:00
1543415400,98.27163060083949,2018-11-28 14:30:00
1543501800,98.2440212527315,2018-11-29 14:30:00
1543588200,98.21898783345449,2018-11-30 14:30:00
1543847400,98.28585000961591,2018-12-03 14:30:00
1543933800,98.46708080011689,2018-12-04 14:30:00
1544106600,98.69325962964051,2018-12-06 14:30:00
1544193000,98.8707052899584,2018-12-07 14:30:00
1544452200,99.0197422204155,2018-12-10 14:30:00
1544538600,99.04689514576029,2018-12-11 14:30:00
1544625000,98.97612107108901,2018-12-12 14:30:00
1544711400,98.95109403158682,2018-12-13 14:30:00
1544797800,98.91294315067829,2018-12-14 14:30:00
1545057000,98.82672157410386,2018-12-17 14:30:00
1545143400,98.8605618739734,2018-12-18 14:30:00
1545229800,98.91203532001171,2018-12-19 14:30:00
1545316200,98.89882555106655,2018-12-20 14:30:00
1545402600,98.97112649887069,2018-12-21 14:30:00
1545661800,99.03311814322811,2018-12-24 14:30:00
1545834600,99.1105634878376,2018-12-26 14:30:00
1545921000,99.12053063793078,2018-12-27 14:30:00
1546007400,99.19613514329254,2018-12-28 14:30:00
1546266600,99.21989741426512,2018-12-31 14:30:00
1546439400,99.47154521029532,2019-01-02 14:30:00
1546525800,99.6487181302983,2019-01-03 14:30:00
1546612200,99.9296901075225,2019-01-04 14:30:00
1546871400,100.16488129367335,2019-01-07 14:30:00
1546957800,100.43051464970588,2019-01-08 14:30:00
1547044200,100.51070358181173,2019-01-09 14:30:00
1547130600,100.71395569512333,2019-01-10 14:30:00
1547217000,100.86041243144936,2019-01-11 14:30:00
1547476200,101.00845793546532,2019-01-14 14:30:00
1547562600,101.11330402220409,2019-01-15 14:30:00
1547649000,101.20468402490087,2019-01-16 14:30:00
1547735400,101.17755255347303,2019-01-17 14:30:00
1547821800,101.1364587594154,2019-01-18 14:30:00
1548167400,101.02044162362252,2019-01-22 14:30:00
1548253800,100.8861010002161,2019-01-23 14:30:00
1548340200,100.81275284509934,2019-01-24 14:30:00
1548426600,100.73012925116237,2019-01-25 14:30:00
1548685800,100.76481789766551,2019-01-28 14:30:00
1548772200,100.86465692983964,2019-01-29 14:30:00
1548858600,100.98887957397238,2019-01-30 14:30:00
1548945000,101.1469954381067,2019-01-31 14:30:00
1549031400,101.45322341356999,2019-02-01 14:30:00
1549290600,101.59101736094874,2019-02-04 14:30:00
1549377000,101.69388176453131,2019-02-05 14:30:00
1549463400,101.77232470619933,2019-02-06 14:30:00
1549549800,101.76310388071379,2019-02-07 14:30:00
1549636200,101.61940630782242,2019-02-08 14:30:00
1549895400,101.53872696643126,2019-02-11 14:30:00
1549981800,101.39320260884693,2019-02-12 14:30:00
1550068200,101.30639822269947,2019-02-13 14:30:00
1550154600,101.20554216404881,2019-02-14 14:30:00
1550241000,101.12321262787657,2019-02-15 14:30:00
1550586600,101.07072806844143,2019-02-19 14:30:00
1550673000,101.14805784518819,2019-02-20 14:30:00
1550759400,101.20514637822146,2019-02-21 14:30:00
1550845800,101.29073127082343,2019-02-22 14:30:00
1551105000,101.38244303440874,2019-02-25 14:30:00
1551191400,101.48658313707483,2019-02-26 14:30:00
1551277800,101.56661237855198,2019-02-27 14:30:00
1551364200,101.63273242090494,2019-02-28 14:30:00
1551450600,101.68835094095552,2019-03-01 14:30:00
1551709800,101.68503268475621,2019-03-04 14:30:00
1551796200,101.64577393443426,2019-03-05 14:30:00
1551882600,101.57561195205169,2019-03-06 14:30:00
1551969000,101.49854501078278,2019-03-07 14:30:00
1552055400,101.38357559029403,2019-03-08 14:30:00
1552311000,101.33249649635984,2019-03-11 13:30:00
1552397400,101.30172354983065,2019-03-12 13:30:00
1552483800,101.31590234108235,2019-03-13 13:30:00
1552570200,101.35399761794493,2019-03-14 13:30:00
1552656600,101.40405945011254,2019-03-15 13:30:00
1552915800,101.46627819946359,2019-03-18 13:30:00
1553002200,101.51445066814497,2019-03-19 13:30:00
1553088600,101.5477509518198,2019-03-20 13:30:00
1553175000,101.61257288169159,2019-03-21 13:30:00
1553261400,101.68554738754352,2019-03-22 13:30:00
1553520600,101.6813244637564,2019-03-25 13:30:00
1553607000,101.69546196613983,2019-03-26 13:30:00
1553693400,101.65655121863679,2019-03-27 13:30:00
1553779800,101.51984203096912,2019-03-28 13:30:00
1553866200,101.39903202216551,2019-03-29 13:30:00
1554125400,101.43556583952424,2019-04-01 13:30:00
1554211800,101.4437904080136,2019-04-02 13:30:00
1554298200,101.4799140185752,2019-04-03 13:30:00
1554384600,101.5788815641851,2019-04-04 13:30:00
1554471000,101.67387636882265,2019-04-05 13:30:00
1554730200,101.64274694445373,2019-04-08 13:30:00
1554816600,101.65147258712247,2019-04-09 13:30:00
1554903000,101.68667044364612,2019-04-10 13:30:00
1554989400,101.72325185926391,2019-04-11 13:30:00
1555075800,101.7447702521994,2019-04-12 13:30:00
1555335000,101.80303826201623,2019-04-15 13:30:00
1555421400,101.82542517888423,2019-04-16 13:30:00
1555507800,101.81881448483817,2019-04-17 13:30:00
1555594200,101.80791350359367,2019-04-18 13:30:00
1555939800,101.79836802995246,2019-04-22 13:30:00
1556026200,101.75416012383987,2019-04-23 13:30:00
1556112600,101.6829667488467,2019-04-24 13:30:00
1556199000,101.55844435776902,2019-04-25 13:30:00
1556285400,101.39498526813985,2019-04-26 13:30:00
1556544600,101.29394727069743,2019-04-29 13:30:00
1556631000,101.20835015476197,2019-04-30 13:30:00
1556717400,101.22650250520446,2019-05-01 13:30:00
1556803800,101.29931776971019,2019-05-02 13:30:00
1556890200,101.3617275833215,2019-05-03 13:30:00
1557149400,101.4390352818765,2019-05-06 13:30:00
1557235800,101.47938976038859,2019-05-07 13:30:00
1557322200,101.43408313056295,2019-05-08 13:30:00
1557408600,101.41107688441593,2019-05-09 13:30:00
1557495000,101.38602301742002,2019-05-10 13:30:00
1557754200,101.33112840181813,2019-05-13 13:30:00
1557840600,101.25481624029007,2019-05-14 13:30:00
1557927000,101.17500447062551,2019-05-15 13:30:00
1558013400,101.08102583924207,2019-05-16 13:30:00
1558099800,100.97808232284049,2019-05-17 13:30:00
1558359000,100.81269466290225,2019-05-20 13:30:00
1558445400,100.7125481587565,2019-05-21 13:30:00
1558531800,100.63146607125329,2019-05-22 13:30:00
1558618200,100.55879896017684,2019-05-23 13:30:00
1558704600,100.54935403729358,2019-05-24 13:30:00
1559050200,100.61896579137206,2019-05-28 13:30:00
1559136600,100.65578446240443,2019-05-29 13:30:00
1559223000,100.67121132242684,2019-05-30 13:30:00
1559309400,100.69435266717858,2019-05-31 13:30:00
1559568600,100.84443663074474,2019-06-03 13:30:00
1559655000,101.0204995564743,2019-06-04 13:30:00
1559741400,101.22197556620469,2019-06-05 13:30:00
1559827800,101.42349252864946,2019-06-06 13:30:00
1559914200,101.63408034515663,2019-06-07 13:30:00
1560173400,101.72981563309148,2019-06-10 13:30:00
1560259800,101.73350699785523,2019-06-11 13:30:00
1560346200,101.7591537220566,2019-06-12 13:30:00
1560432600,101.7799464913007,2019-06-13 13:30:00
1560519000,101.77412964563001,2019-06-14 13:30:00
1560778200,101.68392137975795,2019-06-17 13:30:00
1560864600,101.63766783535247,2019-06-18 13:30:00
1560951000,101.59149944892577,2019-06-19 13:30:00
1561037400,101.59905272444038,2019-06-20 13:30:00
1561123800,101.72507371708532,2019-06-21 13:30:00
1561383000,101.90855962243452,2019-06-24 13:30:00
1561469400,102.11185656747259,2019-06-25 13:30:00
1561555800,102.26672175612956,2019-06-26 13:30:00
1561642200,102.3647851788411,2019-06-27 13:30:00
1561728600,102.35019711927654,2019-06-28 13:30:00
1561987800,102.48051731106679,2019-07-01 13:30:00
1562074200,102.55364156335868,2019-07-02 13:30:00
1562160600,102.6401050226444,2019-07-03 13:30:00
1562333400,102.75696735240008,2019-07-05 13:30:00
1562592600,102.79317125908487,2019-07-08 13:30:00
1562679000,102.67739029954063,2019-07-09 13:30:00
1562765400,102.57299399754402,2019-07-10 13:30:00
1562851800,102.54709167732236,2019-07-11 13:30:00
1562938200,102.51777833298502,2019-07-12 13:30:00
1563197400,102.5914444479051,2019-07-15 13:30:00
1563283800,102.66203255437446,2019-07-16 13:30:00
1563370200,102.71824638460475,2019-07-17 13:30:00
1563456600,102.72031653192866,2019-07-18 13:30:00
1563543000,102.76911012061416,2019-07-19 13:30:00
1563802200,102.75299159114311,2019-07-22 13:30:00
1563888600,102.72798271784396,2019-07-23 13:30:00
1563975000,102.69816886580354,2019-07-24 13:30:00
1564061400,102.66687542431828,2019-07-25 13:30:00
1564147800,102.56355763161862,2019-07-26 13:30:00
1564407000,102.477281206631,2019-07-29 13:30:00
1564493400,102.37997552084569,2019-07-30 13:30:00
1564579800,102.33900522705292,2019-07-31 13:30:00
1564666200,102.2486660469182,2019-08-01 13:30:00
1564752600,102.19593573948987,2019-08-02 13:30:00
1565011800,102.15210087375581,2019-08-05 13:30:00
1565098200,102.07117877359097,2019-08-06 13:30:00
1565184600,101.97300942069357,2019-08-07 13:30:00
1565271000,101.92240259922542,2019-08-08 13:30:00
1565357400,101.85823219051522,2019-08-09 13:30:00
1565616600,101.78972069735333,2019-08-12 13:30:00
1565703000,101.79069542387461,2019-08-13 13:30:00
1565789400,101.76813498372623,2019-08-14 13:30:00
1565875800,101.74327650223948,2019-08-15 13:30:00
1565962200,101.68968350192134,2019-08-16 13:30:00
1566221400,101.64135716291995,2019-08-19 13:30:00
1566307800,101.54708969093177,2019-08-20 13:30:00
1566394200,101.4979389482319,2019-08-21 13:30:00
1566480600,101.42409628778657,2019-08-22 13:30:00
1566567000,101.36010739375175,2019-08-23 13:30:00
1566826200,101.35412400742041,2019-08-26 13:30:00
1566912600,101.28875002866238,2019-08-27 13:30:00
1566999000,101.20628731513355,2019-08-28 13:30:00
1567085400,101.10475317869447,2019-08-29 13:30:00
1567171800,101.01867639506591,2019-08-30 13:30:00
1567517400,100.95517483857437,2019-09-03 13:30:00
1567603800,100.99879107254024,2019-09-04 13:30:00
1567690200,101.10934646625401,2019-09-05 13:30:00
1567776600,101.24238858972232,2019-09-06 13:30:00
1568035800,101.41604650717504,2019-09-09 13:30:00
1568122200,101.51559906551587,2019-09-10 13:30:00
1568208600,101.60822526589013,2019-09-11 13:30:00
1568295000,101.59739686718885,2019-09-12 13:30:00
1568381400,101.65196572225446,2019-09-13 13:30:00
1568640600,101.68669521775719,2019-09-16 13:30:00
1568727000,101.70448957296425,2019-09-17 13:30:00
1568813400,101.72007340637848,2019-09-18 13:30:00
1568899800,101.74307298609261,2019-09-19 13:30:00
1568986200,101.71532840582455,2019-09-20 13:30:00
1569245400,101.67713437044664,2019-09-23 13:30:00
1569331800,101.63115809956471,2019-09-24 13:30:00
1569418200,101.60875564079765,2019-09-25 13:30:00
1569504600,101.53088534103054,2019-09-26 13:30:00
1569591000,101.42977502237953,2019-09-27 13:30:00
1569850200,101.32732731385933,2019-09-30 13:30:00
1569936600,101.30744387431469,2019-10-01 13:30:00
1570023000,101.2740625700535,2019-10-02 13:30:00
1570109400,101.36113146563709,2019-10-03 13:30:00
1570195800,101.4899949878572,2019-10-04 13:30:00
1570455000,101.63837206334745,2019-10-07 13:30:00
1570541400,101.71506058724204,2019-10-08 13:30:00
1570627800,101.77009580452837,2019-10-09 13:30:00
1570714200,101.79914804785508,2019-10-10 13:30:00
1570800600,101.84667720657686,2019-10-11 13:30:00
1571059800,101.91273844708404,2019-10-14 13:30:00
1571146200,102.01303879598716,2019-10-15 13:30:00
1571232600,102.0964355642515,2019-10-16 13:30:00
1571319000,102.18271654306231,2019-10-17 13:30:00
1571405400,102.28182296976601,2019-10-18 13:30:00
1571664600,102.37439814020283,2019-10-21 13:30:00
1571751000,102.44033532131262,2019-10-22 13:30:00
1571837400,102.52368795289878,2019-10-23 13:30:00
1571923800,102.59355587157572,2019-10-24 13:30:00
1572010200,102.58951661764813,2019-10-25 13:30:00
1572269400,102.54528153537805,2019-10-28 13:30:00
1572355800,102.52373688575776,2019-10-29 13:30:00
1572442200,102.51185765217974,2019-10-30 13:30:00
1572528600,102.53982126132397,2019-10-31 13:30:00
1572615000,102.64234347256279,2019-11-01 13:30:00
1572877800,102.76436684495584,2019-11-04 14:30:00
1572964200,102.84980536334342,2019-11-05 14:30:00
1573050600,102.92186527017684,2019-11-06 14:30:00
1573137000,102.96179077954824,2019-11-07 14:30:00
1573223400,102.95272528073966,2019-11-08 14:30:00
1573482600,102.8849714793813,2019-11-11 14:30:00
1573569000,102.84566122227618,2019-11-12 14:30:00
1573655400,102.80748831913695,2019-11-13 14:30:00
1573741800,102.74899429861966,2019-11-14 14:30:00
1573828200,102.70392228116289,2019-11-15 14:30:00
1574087400,102.72423178139597,2019-11-18 14:30:00
1574173800,102.72876028515991,2019-11-19 14:30:00
1574260200,102.74836193925815,2019-11-20 14:30:00
1574346600,102.76248075160395,2019-11-21 14:30:00
1574433000,102.75151898227561,2019-11-22 14:30:00
1574692200,102.69141359665807,2019-11-25 14:30:00
1574778600,102.6475046846281,2019-11-26 14:30:00
1574865000,102.59455715212842,2019-11-27 14:30:00
1575037800,102.55234653567864,2019-11-29 14:30:00
1575297000,102.65147071265824,2019-12-02 14:30:00
1575383400,102.8067396271108,2019-12-03 14:30:00
1575469800,102.95940842146751,2019-12-04 14:30:00
1575556200,103.13218831040095,2019-12-05 14:30:00
1575642600,103.33827797083165,2019-12-06 14:30:00
1575901800,103.41248557520134,2019-12-09 14:30:00
1575988200,103.45308559093364,2019-12-10 14:30:00
1576074600,103.50815307785703,2019-12-11 14:30:00
1576161000,103.5809756178096,2019-12-12 14:30:00
1576247400,103.67250292594917,2019-12-13 14:30:00
1576506600,103.76402043982159,2019-12-16 14:30:00
1576593000,103.86231927589942,2019-12-17 14:30:00
1576679400,103.94049085516266,2019-12-18 14:30:00
1576765800,103.96254631622494,2019-12-19 14:30:00
1576852200,103.94113678400622,2019-12-20 14:30:00
1577111400,103.89272255652627,2019-12-23 14:30:00
1577197800,103.84026110319701,2019-12-24 14:30:00
1577370600,103.8219160054075,2019-12-26 14:30:00
1577457000,103.82308953391097,2019-12-27 14:30:00
1577716200,103.87046143085524,2019-12-30 14:30:00
1577802600,103.97858657141437,2019-12-31 14:30:00
1577975400,104.2622242954496,2020-01-02 14:30:00
1578061800,104.488030661909,2020-01-03 14:30:00
1578321000,104.70436802778775,2020-01-06 14:30:00
1578407400,104.87299345078907,2020-01-07 14:30:00
1578493800,105.01067258300759,2020-01-08 14:30:00
1578580200,104.93877633656503,2020-01-09 14:30:00
1578666600,104.89579643300183,2020-01-10 14:30:00
1578925800,104.88998153178026,2020-01-13 14:30:00
1579012200,104.893890709471,2020-01-14 14:30:00
1579098600,104.8980268109868,2020-01-15 14:30:00
1579185000,104.94692143417406,2020-01-16 14:30:00
1579271400,105.00098004852245,2020-01-17 14:30:00
1579617000,105.01534215502923,2020-01-21 14:30:00
1579703400,104.97860414624313,2020-01-22 14:30:00
1579789800,104.9350315570247,2020-01-23 14:30:00
1579876200,104.83992421594812,2020-01-24 14:30:00
1580135400,104.73830952780345,2020-01-27 14:30:00
1580221800,104.64066277991961,2020-01-28 14:30:00
1580308200,104.58398217093622,2020-01-29 14:30:00
1580394600,104.51446489884452,2020-01-30 14:30:00
1580481000,104.48695837050442,2020-01-31 14:30:00
1580740200,104.65567195201406,2020-02-03 14:30:00
1580826600,104.72198382336657,2020-02-04 14:30:00
1580913000,104.7963074266999,2020-02-05 14:30:00
1580999400,104.89023835535382,2020-02-06 14:30:00
1581085800,104.95974267291267,2020-02-07 14:30:00
1581345000,104.78290466023479,2020-02-10 14:30:00
1581431400,104.7299636425322,2020-02-11 14:30:00
1581517800,104.7001929442381,2020-02-12 14:30:00
1581604200,104.6391180341479,2020-02-13 14:30:00
1581690600,104.58992967682268,2020-02-14 14:30:00
1582036200,104.59161453874283,2020-02-18 14:30:00
1582122600,104.540322140823,2020-02-19 14:30:00
1582209000,104.41288381376793,2020-02-20 14:30:00
1582295400,104.23564917890869,2020-02-21 14:30:00
1582554600,104.11334846946295,2020-02-24 14:30:00
1582641000,103.99733596480701,2020-02-25 14:30:00
1582727400,103.96934342583256,2020-02-26 14:30:00
1582813800,103.95536550539732,2020-02-27 14:30:00
1582900200,104.09050853564534,2020-02-28 14:30:00
1583159400,104.29137953640065,2020-03-02 14:30:00
1583245800,104.56600072572364,2020-03-03 14:30:00
1583332200,104.84510197608029,2020-03-04 14:30:00
1583418600,105.19497387620981,2020-03-05 14:30:00
1583505000,105.53074753244725,2020-03-06 14:30:00
1583760600,105.81014516689257,2020-03-09 13:30:00
1583847000,106.09991677265457,2020-03-10 13:30:00
1583933400,106.1914930071124,2020-03-11 13:30:00
1584019800,106.23297626181204,2020-03-12 13:30:00
1584106200,106.05024170261956,2020-03-13 13:30:00
1584365400,105.71210133198039,2020-03-16 13:30:00
1584451800,105.34461690387498,2020-03-17 13:30:00
1584538200,104.96491783086348,2020-03-18 13:30:00
1584624600,104.50684973550844,2020-03-19 13:30:00
1584711000,103.97067517095445,2020-03-20 13:30:00
1584970200,103.62108990223405,2020-03-23 13:30:00
1585056600,103.1873532467066,2020-03-24 13:30:00
1585143000,103.00796272414644,2020-03-25 13:30:00
1585229400,103.03578805429247,2020-03-26 13:30:00
1585315800,103.48741958236943,2020-03-27 13:30:00
1585575000,103.95073710415204,2020-03-30 13:30:00
1585661400,104.37245003518095,2020-03-31 13:30:00
1585747800,105.22105817330203,2020-04-01 13:30:00
1585834200,106.01187936493405,2020-04-02 13:30:00
1585920600,106.59188607570209,2020-04-03 13:30:00
1586179800,107.05175381435261,2020-04-06 13:30:00
1586266200,107.56970241373536,2020-04-07 13:30:00
1586352600,107.69982349536205,2020-04-08 13:30:00
1586439000,107.76318602672782,2020-04-09 13:30:00
1586784600,107.97702924807852,2020-04-13 13:30:00
1586871000,108.19899954446196,2020-04-14 13:30:00
1586957400,108.50293351722993,2020-04-15 13:30:00
1587043800,108.59816761580615,2020-04-16 13:30:00
1587130200,108.65503231985471,2020-04-17 13:30:00
1587389400,108.63343361651657,2020-04-20 13:30:00
1587475800,108.5924349358689,2020-04-21 13:30:00
1587562200,108.42949912942375,2020-04-22 13:30:00
1587648600,108.3842764240273,2020-04-23 13:30:00
1587735000,108.39416049646073,2020-04-24 13:30:00
1587994200,108.3846917935007,2020-04-27 13:30:00
1588080600,108.42686942016724,2020-04-28 13:30:00
1588167000,108.54671172734996,2020-04-29 13:30:00
1588253400,108.69033200954675,2020-04-30 13:30:00
1588339800,109.26605091689433,2020-05-01 13:30:00
1588599000,109.82201018256346,2020-05-04 13:30:00
1588685400,110.3324090722,2020-05-05 13:30:00
1588771800,110.80052477156467,2020-05-06 13:30:00
1588858200,111.12269360407083,2020-05-07 13:30:00
1588944600,111.04673670313642,2020-05-08 13:30:00
1589203800,110.99691307875273,2020-05-11 13:30:00
1589290200,110.89229907493828,2020-05-12 13:30:00
1589376600,110.83907323159895,2020-05-13 13:30:00
1589463000,110.87556138796212,2020-05-14 13:30:00
1589549400,110.86611296895975,2020-05-15 13:30:00
1589808600,110.81897408640154,2020-05-18 13:30:00
1589895000,110.91071134735937,2020-05-19 13:30:00
1589981400,110.97095447957034,2020-05-20 13:30:00
1590067800,111.09411115911658,2020-05-21 13:30:00
1590154200,111.18251755329838,2020-05-22 13:30:00
1590499800,111.23953518122353,2020-05-26 13:30:00
1590586200,111.31964889000699,2020-05-27 13:30:00
1590672600,111.35001927499545,2020-05-28 13:30:00
1590759000,111.36428344090646,2020-05-29 13:30:00
1591018200,111.82568141123348,2020-06-01 13:30:00
1591104600,112.37867551673139,2020-06-02 13:30:00
1591191000,112.88990329601286,2020-06-03 13:30:00
1591277400,113.45968764379127,2020-06-04 13:30:00
1591363800,114.00675390751935,2020-06-05 13:30:00
1591623000,114.18201671213323,2020-06-08 13:30:00
1591709400,114.3733290103986,2020-06-09 13:30:00
1591795800,114.5492704679385,2020-06-10 13:30:00
1591882200,114.75835217204046,2020-06-11 13:30:00
1591968600,114.85903754947037,2020-06-12 13:30:00
1592227800,114.86575436290131,2020-06-15 13:30:00
1592314200,114.82490591769995,2020-06-16 13:30:00
1592400600,114.72526034276991,2020-06-17 13:30:00
1592487000,114.55814715035872,2020-06-18 13:30:00
1592573400,114.42373465424153,2020-06-19 13:30:00
1592832600,114.35628098507622,2020-06-22 13:30:00
1592919000,114.32593791074854,2020-06-23 13:30:00
1593005400,114.38799845219671,2020-06-24 13:30:00
1593091800,114.37483320643571,2020-06-25 13:30:00
1593178200,114.38843735692191,2020-06-26 13:30:00
1593437400,114.50367533886023,2020-06-29 13:30:00
1593523800,114.55810247358727,2020-06-30 13:30:00
1593610200,114.83687627882709,2020-07-01 13:30:00
1593696600,115.22799213689359,2020-07-02 13:30:00
1594042200,115.6538888335366,2020-07-06 13:30:00
1594128600,116.04698739184661,2020-07-07 13:30:00
1594215000,116.42251512284705,2020-07-08 13:30:00
1594301400,116.56317553403986,2020-07-09 13:30:00
1594387800,116.67644136654846,2020-07-10 13:30:00
1594647000,116.78477651371841,2020-07-13 13:30:00
1594733400,116.8082500396096,2020-07-14 13:30:00
1594819800,116.8692380934611,2020-07-15 13:30:00
1594906200,116.93406453852026,2020-07-16 13:30:00
1594992600,116.97853338281467,2020-07-17 13:30:00
1595251800,117.03407093888711,2020-07-20 13:30:00
1595338200,117.1192487628995,2020-07-21 13:30:00
1595424600,117.27401721252713,2020-07-22 13:30:00
1595511000,117.34109984626738,2020-07-23 13:30:00
1595597400,117.44286696960587,2020-07-24 13:30:00
1595856600,117.56574463440458,2020-07-27 13:30:00
1595943000,117.76264648539816,2020-07-28 13:30:00
1596029400,117.86546826419593,2020-07-29 13:30:00
1596115800,118.05025994936379,2020-07-30 13:30:00
1596202200,118.25119552337608,2020-07-31 13:30:00
1596461400,118.43577159333586,2020-08-03 13:30:00
1596547800,118.5046672648283,2020-08-04 13:30:00
1596634200,118.61602151505551,2020-08-05 13:30:00
1596720600,118.79014054339805,2020-08-06 13:30:00
1596807000,118.93336718757405,2020-08-07 13:30:00
1597066200,118.96216686753917,2020-08-10 13:30:00
1597152600,118.99521092127979,2020-08-11 13:30:00
1597239000,118.99759387587082,2020-08-12 13:30:00
1597325400,118.92842731604908,2020-08-13 13:30:00
1597411800,118.88452259287726,2020-08-14 13:30:00
1597671000,118.94306413925908,2020-08-17 13:30:00
1597757400,119.06079672110354,2020-08-18 13:30:00
1597843800,119.24863250262656,2020-08-19 13:30:00
1597930200,119.34328032248717,2020-08-20 13:30:00
1598016600,119.45304440923073,2020-08-21 13:30:00
1598275800,119.496096213029,2020-08-24 13:30:00
1598362200,119.4855206362851,2020-08-25 13:30:00
1598448600,119.42675071503781,2020-08-26 13:30:00
1598535000,119.47017418876968,2020-08-27 13:30:00
1598621400,119.46168374363717,2020-08-28 13:30:00
1598880600,119.64344372895178,2020-08-31 13:30:00
1598967000,119.98995110993681,2020-09-01 13:30:00
1599053400,120.32867016490825,2020-09-02 13:30:00
1599139800,120.57567856740233,2020-09-03 13:30:00
1599226200,120.82660476536765,2020-09-04 13:30:00
1599571800,120.92978639124578,2020-09-08 13:30:00
1599658200,120.8190648963177,2020-09-09 13:30:00
1599744600,120.73228131015242,2020-09-10 13:30:00
1599831000,120.68408288703355,2020-09-11 13:30:00
1600090200,120.67638973271679,2020-09-14 13:30:00
1600176600,120.72970289099979,2020-09-15 13:30:00
1600263000,120.87530273802119,2020-09-16 13:30:00
1600349400,121.03591746326677,2020-09-17 13:30:00
1600435800,121.21377693101219,2020-09-18 13:30:00
1600695000,121.36242745977236,2020-09-21 13:30:00
1600781400,121.36194737362932,2020-09-22 13:30:00
1600867800,121.30241583609177,2020-09-23 13:30:00
1600954200,121.08764916456592,2020-09-24 13:30:00
1601040600,120.8514256520074,2020-09-25 13:30:00
1601299800,120.60194190391717,2020-09-28 13:30:00
1601386200,120.47981737268643,2020-09-29 13:30:00
1601472600,120.41086715315816,2020-09-30 13:30:00
1601559000,120.71480962477236,2020-10-01 13:30:00
1601645400,121.04314858290456,2020-10-02 13:30:00
1601904600,121.42312220392776,2020-10-05 13:30:00
1601991000,121.80165568608683,2020-10-06 13:30:00
1602077400,122.11040931912537,2020-10-07 13:30:00
1602163800,122.1600121516279,2020-10-08 13:30:00
1602250200,122.20859506485824,2020-10-09 13:30:00
1602509400,122.41140852574688,2020-10-12 13:30:00
1602595800,122.52223408060051,2020-10-13 13:30:00
1602682200,122.6185115915844,2020-10-14 13:30:00
1602768600,122.76941804150574,2020-10-15 13:30:00
1602855000,122.85732612373309,2020-10-16 13:30:00
1603114200,122.80507938311446,2020-10-19 13:30:00
1603200600,122.85473736892382,2020-10-20 13:30:00
1603287000,122.99192247709284,2020-10-21 13:30:00
1603373400,123.1517990246274,2020-10-22 13:30:00
1603459800,123.29835272020007,2020-10-23 13:30:00
1603719000,123.43458948158802,2020-10-26 13:30:00
1603805400,123.46008202817298,2020-10-27 13:30:00
1603891800,123.46053523798086,2020-10-28 13:30:00
1603978200,123.3049970863373,2020-10-29 13:30:00
1604064600,123.18466118890042,2020-10-30 13:30:00
1604327400,123.09019165663692,2020-11-02 14:30:00
1604413800,123.05933109485379,2020-11-03 14:30:00
1604500200,123.10171024862798,2020-11-04 14:30:00
1604586600,123.26960606758512,2020-11-05 14:30:00
1604673000,123.63929339644696,2020-11-06 14:30:00
1604932200,123.97722237456385,2020-11-09 14:30:00
1605018600,124.21416138898334,2020-11-10 14:30:00
1605105000,124.39296701573191,2020-11-11 14:30:00
1605191400,124.47501237850592,2020-11-12 14:30:00
1605277800,124.40847368653726,2020-11-13 14:30:00
1605537000,124.37644224700594,2020-11-16 14:30:00
1605623400,124.49702179561413,2020-11-17 14:30:00
1605709800,124.65014202516952,2020-11-18 14:30:00
1605796200,124.87109469577585,2020-11-19 14:30:00
1605882600,125.05037803746549,2020-11-20 14:30:00
1606141800,125.18682657198433,2020-11-23 14:30:00
1606228200,125.2174489819491,2020-11-24 14:30:00
1606314600,125.22986189531316,2020-11-25 14:30:00
1606487400,125.25158723708485,2020-11-27 14:30:00
1606746600,125.32641420011927,2020-11-30 14:30:00
1606833000,125.55235830114903,2020-12-01 14:30:00
1606919400,125.93603968413063,2020-12-02 14:30:00
1607005800,126.31522675138149,2020-12-03 14:30:00
1607092200,126.72943554257161,2020-12-04 14:30:00
1607351400,127.12314711981044,2020-12-07 14:30:00
1607437800,127.34762596793027,2020-12-08 14:30:00
1607524200,127.46007951462931,2020-12-09 14:30:00
1607610600,127.51706353496338,2020-12-10 14:30:00
1607697000,127.53364812062364,2020-12-11 14:30:00
1607956200,127.5241581811066,2020-12-14 14:30:00
1608042600,127.52224096718801,2020-12-15 14:30:00
1608129000,127.58495367339654,2020-12-16 14:30:00
1608215400,127.73471623209892,2020-12-17 14:30:00
1608301800,127.90037474566338,2020-12-18 14:30:00
1608561000,128.0662788374012,2020-12-21 14:30:00
1608647400,128.18262826892234,2020-12-22 14:30:00
1608733800,128.1785089374958,2020-12-23 14:30:00
1608820200,128.13938950981924,2020-12-24 14:30:00
1609165800,128.05894053715173,2020-12-28 14:30:00
1609252200,127.99797984544232,2020-12-29 14:30:00
1609338600,128.02029502014133,2020-12-30 14:30:00
1609425000,128.1706069026261,2020-12-31 14:30:00
1609770600,128.40338999589162,2021-01-04 14:30:00
1609857000,128.70155356884237,2021-01-05 14:30:00
1609943400,129.05432943072483,2021-01-06 14:30:00
1610029800,129.33673708646657,2021-01-07 14:30:00
1610116200,129.46404291296616,2021-01-08 14:30:00
1610375400,129.45895802590056,2021-01-11 14:30:00
1610461800,129.3036285989509,2021-01-12 14:30:00
1610548200,129.1934486906134,2021-01-13 14:30:00
1610634600,129.08649585495056,2021-01-14 14:30:00
1610721000,129.0881903802649,2021-01-15 14:30:00
1611066600,129.03341385731017,2021-01-19 14:30:00
1611153000,129.08690039603894,2021-01-20 14:30:00
1611239400,129.08058227382043,2021-01-21 14:30:00
1611325800,129.13239047241524,2021-01-22 14:30:00
1611585000,129.11450088588114,2021-01-25 14:30:00
1611671400,129.15952036668537,2021-01-26 14:30:00
1611757800,129.2183683817099,2021-01-27 14:30:00
1611844200,129.14438660298146,2021-01-28 14:30:00
1611930600,129.07556087361527,2021-01-29 14:30:00
1612189800,129.2713281883651,2021-02-01 14:30:00
1612276200,129.37945688065267,2021-02-02 14:30:00
1612362600,129.45342835100513,2021-02-03 14:30:00
1612449000,129.61387640311955,2021-02-04 14:30:00
1612535400,129.65893620147946,2021-02-05 14:30:00
1612794600,129.5725967439452,2021-02-08 14:30:00
1612881000,129.6210398250765,2021-02-09 14:30:00
1612967400,129.7408584927643,2021-02-10 14:30:00
1613053800,129.84649288906192,2021-02-11 14:30:00
1613140200,130.03797845735397,2021-02-12 14:30:00
1613485800,130.14921109500847,2021-02-16 14:30:00
1613572200,130.183145935973,2021-02-17 14:30:00
1613658600,130.1336422142462,2021-02-18 14:30:00
1613745000,130.0966332365117,2021-02-19 14:30:00
1614004200,130.1250026074676,2021-02-22 14:30:00
1614090600,130.1721739359289,2021-02-23 14:30:00
1614177000,130.26073407488443,2021-02-24 14:30:00
1614263400,130.3693188599348,2021-02-25 14:30:00
1614349800,130.43137287672062,2021-02-26 14:30:00
1614609000,130.4603354248788,2021-03-01 14:30:00
1614695400,130.48098939862254,2021-03-02 14:30:00
1614781800,130.5165673741061,2021-03-03 14:30:00
1614868200,130.52148965655334,2021-03-04 14:30:00
1614954600,130.48003144011096,2021-03-05 14:30:00
1615213800,130.32121216793735,2021-03-08 14:30:00
1615300200,130.04732171483369,2021-03-09 14:30:00
1615386600,129.84849575217484,2021-03-10 14:30:00
1615473000,129.70579241256144,2021-03-11 14:30:00
1615559400,129.72109551655956,2021-03-12 14:30:00
1615815000,129.75166264962374,2021-03-15 13:30:00
1615901400,129.89092204783248,2021-03-16 13:30:00
1615987800,129.9307178950367,2021-03-17 13:30:00
1616074200,130.02143214300642,2021-03-18 13:30:00
1616160600,129.99297306216096,2021-03-19 13:30:00
1616419800,130.0214404661637,2021-03-22 13:30:00
1616506200,130.06719936194526,2021-03-23 13:30:00
1616592600,130.04793593831351,2021-03-24 13:30:00
1616679000,129.93015804624088,2021-03-25 13:30:00
1616765400,129.82296359959702,2021-03-26 13:30:00
1617024600,129.8016811033069,2021-03-29 13:30:00
1617111000,129.69897139804795,2021-03-30 13:30:00
1617197400,129.60938358470565,2021-03-31 13:30:00
1617283800,129.78506863004083,2021-04-01 13:30:00
1617629400,130.02639058027296,2021-04-05 13:30:00
1617715800,130.24438977701777,2021-04-06 13:30:00
1617802200,130.5959187832835,2021-04-07 13:30:00
1617888600,130.99076322168457,2021-04-08 13:30:00
1617975000,131.16004676648708,2021-04-09 13:30:00
1618234200,131.2794643037732,2021-04-12 13:30:00
1618320600,131.35912892653405,2021-04-13 13:30:00
1618407000,131.4082170759786,2021-04-14 13:30:00
1618493400,131.56051571039174,2021-04-15 13:30:00
1618579800,131.68806046448663,2021-04-16 13:30:00
1618839000,131.86395406655515,2021-04-19 13:30:00
1618925400,132.09152482131944,2021-04-20 13:30:00
1619011800,132.27605273392035,2021-04-21 13:30:00
1619098200,132.3825089620079,2021-04-22 13:30:00
1619184600,132.46155324499378,2021-04-23 13:30:00
1619443800,132.58568601921155,2021-04-26 13:30:00
1619530200,132.6416539597955,2021-04-27 13:30:00
1619616600,132.67570229390225,2021-04-28 13:30:00
1619703000,132.75144361918862,2021-04-29 13:30:00
1619789400,132.8330758702068,2021-04-30 13:30:00
1620048600,132.83731289325178,2021-05-03 13:30:00
1620135000,132.89042569561084,2021-05-04 13:30:00
1620221400,132.92328100489354,2021-05-05 13:30:00
1620307800,132.92978054161654,2021-05-06 13:30:00
1620394200,133.00179477261375,2021-05-07 13:30:00
1620653400,133.22437407068992,2021-05-10 13:30:00
1620739800,133.39456494340124,2021-05-11 13:30:00
1620826200,133.6068353524598,2021-05-12 13:30:00
1620912600,133.67266415285218,2021-05-13 13:30:00
1620999000,133.6988298327678,2021-05-14 13:30:00
1621258200,133.66124946380796,2021-05-17 13:30:00
1621344600,133.63141531143486,2021-05-18 13:30:00
1621431000,133.67482930213203,2021-05-19 13:30:00
1621517400,133.7953264612715,2021-05-20 13:30:00
1621603800,133.938195471678,2021-05-21 13:30:00
1621863000,133.97430961985924,2021-05-24 13:30:00
1621949400,134.04939151374333,2021-05-25 13:30:00
1622035800,134.074665092151,2021-05-26 13:30:00
1622122200,134.14243228545902,2021-05-27 13:30:00
1622208600,134.16235698909495,2021-05-28 13:30:00
1622554200,134.4401829544575,2021-06-01 13:30:00
1622640600,134.66017363838705,2021-06-02 13:30:00
1622727000,134.8826510630401,2021-06-03 13:30:00
1622813400,134.9905636990065,2021-06-04 13:30:00
1623072600,135.18227340428564,2021-06-07 13:30:00
1623159000,135.17261303275615,2021-06-08 13:30:00
1623245400,135.14749803269976,2021-06-09 13:30:00
1623331800,135.12869211460847,2021-06-10 13:30:00
1623418200,135.23538571633028,2021-06-11 13:30:00
1623677400,135.19960549691876,2021-06-14 13:30:00
1623763800,135.12724662988654,2021-06-15 13:30:00
1623850200,135.08530406353924,2021-06-16 13:30:00
1623936600,134.9482857320693,2021-06-17 13:30:00
1624023000,134.65063620368807,2021-06-18 13:30:00
1624282200,134.37292915166103,2021-06-21 13:30:00
1624368600,134.13633715457644,2021-06-22 13:30:00
1624455000,133.88109303139953,2021-06-23 13:30:00
1624541400,133.67816686099667,2021-06-24 13:30:00
1624627800,133.64444361687742,2021-06-25 13:30:00
1624887000,133.72194256711205,2021-06-28 13:30:00
1624973400,133.76156658270457,2021-06-29 13:30:00
1625059800,133.77452855317105,2021-06-30 13:30:00
1625146200,133.9292577812891,2021-07-01 13:30:00
1625232600,134.07043805621436,2021-07-02 13:30:00
1625578200,134.19884189855605,2021-07-06 13:30:00
1625664600,134.27529062430517,2021-07-07 13:30:00
1625751000,134.38242620395417,2021-07-08 13:30:00
1625837400,134.38337464883313,2021-07-09 13:30:00
1626096600,134.42766391785298,2021-07-12 13:30:00
1626183000,134.41144853289276,2021-07-13 13:30:00
1626269400,134.39770135230145,2021-07-14 13:30:00
1626355800,134.48336591084382,2021-07-15 13:30:00
1626442200,134.5545444252196,2021-07-16 13:30:00
1626701400,134.53836908407013,2021-07-19 13:30:00
1626787800,134.48537575895222,2021-07-20 13:30:00
1626874200,134.4847646366141,2021-07-21 13:30:00
1626960600,134.4380811111368,2021-07-22 13:30:00
1627047000,134.37407212377138,2021-07-23 13:30:00
1627306200,134.33822885114068,2021-07-26 13:30:00
1627392600,134.37207732383482,2021-07-27 13:30:00
1627479000,134.39764768861323,2021-07-28 13:30:00
1627565400,134.43800716209267,2021-07-29 13:30:00
1627651800,134.5827061164502,2021-07-30 13:30:00
1627911000,134.70095106414442,2021-08-02 13:30:00
1627997400,134.83144781332325,2021-08-03 13:30:00
1628083800,134.97887700156483,2021-08-04 13:30:00
1628170200,135.06477846702137,2021-08-05 13:30:00
1628256600,135.05311804674466,2021-08-06 13:30:00
1628515800,134.99374813011863,2021-08-09 13:30:00
1628602200,134.85978329775952,2021-08-10 13:30:00
1628688600,134.7065867434056,2021-08-11 13:30:00
1628775000,134.60372773908426,2021-08-12 13:30:00
1628861400,134.46719570042404,2021-08-13 13:30:00
1629120600,134.5038169830454,2021-08-16 13:30:00
1629207000,134.57568934619025,2021-08-17 13:30:00
1629293400,134.5800121821726,2021-08-18 13:30:00
1629379800,134.55620782750253,2021-08-19 13:30:00
1629466200,134.51374400353336,2021-08-20 13:30:00
1629725400,134.39246072191168,2021-08-23 13:30:00
1629811800,134.33827931890326,2021-08-24 13:30:00
1629898200,134.41598800569284,2021-08-25 13:30:00
1629984600,134.47513577845694,2021-08-26 13:30:00
1630071000,134.56427134539916,2021-08-27 13:30:00
1630330200,134.74576463656385,2021-08-30 13:30:00
1630416600,134.85775327342938,2021-08-31 13:30:00
1630503000,135.06753820486432,2021-09-01 13:30:00
1630589400,135.32771034093435,2021-09-02 13:30:00
1630675800,135.6469889873638,2021-09-03 13:30:00
1631021400,135.87903711667119,2021-09-07 13:30:00
1631107800,136.05608872832218,2021-09-08 13:30:00
1631194200,136.069267633583,2021-09-09 13:30:00
1631280600,136.0792560732012,2021-09-10 13:30:00
1631539800,136.05689703504876,2021-09-13 13:30:00
1631626200,136.01858351005671,2021-09-14 13:30:00
1631712600,136.03511389872048,2021-09-15 13:30:00
1631799000,136.15191923526282,2021-09-16 13:30:00
1631885400,136.1214744925914,2021-09-17 13:30:00
1632144600,136.02144359636873,2021-09-20 13:30:00
1632231000,135.92995822911013,2021-09-21 13:30:00
1632317400,135.85014376450215,2021-09-22 13:30:00
1632403800,135.64755479668509,2021-09-23 13:30:00
1632490200,135.5630933505785,2021-09-24 13:30:00
1632749400,135.51711140496542,2021-09-27 13:30:00
1632835800,135.47096235219573,2021-09-28 13:30:00
1632922200,135.3438688552741,2021-09-29 13:30:00
1633008600,135.1779639619196,2021-09-30 13:30:00
1633095000,135.2296656065324,2021-10-01 13:30:00
1633354200,135.39399047899457,2021-10-04 13:30:00
1633440600,135.57098071671624,2021-10-05 13:30:00
1633527000,135.78204293718335,2021-10-06 13:30:00
1633613400,136.06254387965396,2021-10-07 13:30:00
1633699800,136.1246234715182,2021-10-08 13:30:00
1633959000,136.1021760398565,2021-10-11 13:30:00
1634045400,136.01397120291224,2021-10-12 13:30:00
1634131800,135.94695451754188,2021-10-13 13:30:00
1634218200,136.0012664712094,2021-10-14 13:30:00
1634304600,136.01094504448372,2021-10-15 13:30:00
1634563800,136.0283827767808,2021-10-18 13:30:00
1634650200,136.09314486137094,2021-10-19 13:30:00
1634736600,136.26293569999612,2021-10-20 13:30:00
1634823000,136.34312869383513,2021-10-21 13:30:00
1634909400,136.44464310987536,2021-10-22 13:30:00
1635168600,136.6013349571054,2021-10-25 13:30:00
1635255000,136.7462320163949,2021-10-26 13:30:00
1635341400,136.78213141404484,2021-10-27 13:30:00
1635427800,136.7729004923413,2021-10-28 13:30:00
1635514200,136.83450640758272,2021-10-29 13:30:00
1635773400,136.78022398415655,2021-11-01 13:30:00
1635859800,136.78460510172482,2021-11-02 13:30:00
1635946200,136.78553200653147,2021-11-03 13:30:00
1636032600,136.83254597380696,2021-11-04 13:30:00
1636119000,136.77824162649722,2021-11-05 13:30:00
1636381800,136.81020070641162,2021-11-08 14:30:00
1636468200,136.82841698289158,2021-11-09 14:30:00
1636554600,136.88302416570923,2021-11-10 14:30:00
1636641000,136.81460014991018,2021-11-11 14:30:00
1636727400,136.75784920473205,2021-11-12 14:30:00
1636986600,136.7011047776163,2021-11-15 14:30:00
1637073000,136.5718882257498,2021-11-16 14:30:00
1637159400,136.3454263498939,2021-11-17 14:30:00
1637245800,136.26990427652632,2021-11-18 14:30:00
1637332200,136.2113893227226,2021-11-19 14:30:00
1637591400,136.0809962530613,2021-11-22 14:30:00
1637677800,135.92997691994356,2021-11-23 14:30:00
1637764200,135.85496740299067,2021-11-24 14:30:00
1637937000,135.7370557868791,2021-11-26 14:30:00
1638196200,135.71382962242515,2021-11-29 14:30:00
1638282600,135.7330585337017,2021-11-30 14:30:00
1638369000,136.03126368764612,2021-12-01 14:30:00
1638455400,136.34679445111715,2021-12-02 14:30:00
1638541800,136.62831048237726,2021-12-03 14:30:00
1638801000,136.8218318169439,2021-12-06 14:30:00
1638887400,136.9787566343707,2021-12-07 14:30:00
1638973800,136.9450606205169,2021-12-08 14:30:00
1639060200,136.98356492885438,2021-12-09 14:30:00
1639146600,136.97325687771232,2021-12-10 14:30:00
1639405800,136.99956117736104,2021-12-13 14:30:00
1639492200,137.01423132284077,2021-12-14 14:30:00
1639578600,136.9762841149438,2021-12-15 14:30:00
1639665000,136.88860441419564,2021-12-16 14:30:00
1639751400,136.91118937010486,2021-12-17 14:30:00
1640010600,136.81764993284105,2021-12-20 14:30:00
1640097000,136.77469194668214,2021-12-21 14:30:00
1640183400,136.76538856618248,2021-12-22 14:30:00
1640269800,136.79049066271045,2021-12-23 14:30:00
1640615400,136.80836794133953,2021-12-27 14:30:00
1640701800,136.90319022768693,2021-12-28 14:30:00
1640788200,136.9787657673813,2021-12-29 14:30:00
1640874600,137.03509811851907,2021-12-30 14:30:00
1640961000,136.99851707402067,2021-12-31 14:30:00
1641220200,137.14668172059993,2022-01-03 14:30:00
1641306600,137.3052202140842,2022-01-04 14:30:00
1641393000,137.4459287013804,2022-01-05 14:30:00
1641479400,137.57853459565524,2022-01-06 14:30:00
1641565800,137.70047096181756,2022-01-07 14:30:00
1641825000,137.67786489658664,2022-01-10 14:30:00
1641911400,137.63386831850573,2022-01-11 14:30:00
1641997800,137.67888647956434,2022-01-12 14:30:00
1642084200,137.8342798347952,2022-01-13 14:30:00
1642170600,138.01796776426667,2022-01-14 14:30:00
1642516200,138.11157310306962,2022-01-18 14:30:00
1642602600,138.16247959573374,2022-01-19 14:30:00
1642689000,138.19818501794558,2022-01-20 14:30:00
1642775400,138.1368219002124,2022-01-21 14:30:00
1643034600,138.09397914202702,2022-01-24 14:30:00
1643121000,138.06997885595834,2022-01-25 14:30:00
1643207400,138.1043687749346,2022-01-26 14:30:00
1643293800,138.0113494657483,2022-01-27 14:30:00
1643380200,137.7909580308067,2022-01-28 14:30:00
1643639400,137.56459253371685,2022-01-31 14:30:00
1643725800,137.6227302495583,2022-02-01 14:30:00
1643812200,137.74468539925118,2022-02-02 14:30:00
1643898600,137.96956424606446,2022-02-03 14:30:00
1643985000,138.37643863861794,2022-02-04 14:30:00
1644244200,138.7650045693528,2022-02-07 14:30:00
1644330600,138.88699384822675,2022-02-08 14:30:00
1644417000,138.91146420774484,2022-02-09 14:30:00
1644503400,138.94502101777624,2022-02-10 14:30:00
1644589800,138.92571164319273,2022-02-11 14:30:00
1644849000,138.8882757885312,2022-02-14 14:30:00
1644935400,138.81235874235557,2022-02-15 14:30:00
1645021800,138.84307286897172,2022-02-16 14:30:00
1645108200,138.8789182387051,2022-02-17 14:30:00
1645194600,138.91792648983088,2022-02-18 14:30:00
1645540200,138.9623744741141,2022-02-22 14:30:00
1645626600,139.04577331656674,2022-02-23 14:30:00
1645713000,139.05791281797048,2022-02-24 14:30:00
1645799400,138.90684068018132,2022-02-25 14:30:00
1646058600,138.8387752542397,2022-02-28 14:30:00
1646145000,138.87968949567323,2022-03-01 14:30:00
1646231400,138.82667933462344,2022-03-02 14:30:00
1646317800,138.78290969854544,2022-03-03 14:30:00
1646404200,138.83048919818128,2022-03-04 14:30:00
1646663400,138.7153250939472,2022-03-07 14:30:00
1646749800,138.4097710580598,2022-03-08 14:30:00
1646836200,138.19883371306943,2022-03-09 14:30:00
1646922600,138.1939017347551,2022-03-10 14:30:00
1647009000,138.0405140709266,2022-03-11 14:30:00
1647264600,137.8656907916551,2022-03-14 13:30:00
1647351000,137.75185013915652,2022-03-15 13:30:00
1647437400,137.64926199078212,2022-03-16 13:30:00
1647523800,137.46158718894375,2022-03-17 13:30:00
1647610200,137.5015276402324,2022-03-18 13:30:00
1647869400,137.58447007451824,2022-03-21 13:30:00
1647955800,137.6837498712989,2022-03-22 13:30:00
1648042200,137.73553435223798,2022-03-23 13:30:00
1648128600,137.63707946108826,2022-03-24 13:30:00
1648215000,137.4793278591964,2022-03-25 13:30:00
1648474200,137.4034815543421,2022-03-28 13:30:00
1648560600,137.30640349591997,2022-03-29 13:30:00
1648647000,137.3619399189326,2022-03-30 13:30:00
1648733400,137.5219235103646,2022-03-31 13:30:00
1648819800,137.85306857331824,2022-04-01 13:30:00
1649079000,138.14094622399222,2022-04-04 13:30:00
1649165400,138.45672719823,2022-04-05 13:30:00
1649251800,138.57346240350904,2022-04-06 13:30:00
1649338200,138.57787388483362,2022-04-07 13:30:00
1649424600,138.4286001643547,2022-04-08 13:30:00
1649683800,138.28338352842326,2022-04-11 13:30:00
1649770200,138.10727924217946,2022-04-12 13:30:00
1649856600,137.99489015140867,2022-04-13 13:30:00
1649943000,137.93375245448755,2022-04-14 13:30:00
1650288600,137.82050711224582,2022-04-18 13:30:00
1650375000,137.6759553149863,2022-04-19 13:30:00
1650461400,137.50847738403522,2022-04-20 13:30:00
1650547800,137.33378931896476,2022-04-21 13:30:00
1650634200,137.06289111529568,2022-04-22 13:30:00
1650893400,136.73800913758004,2022-04-25 13:30:00
1650979800,136.33525796976446,2022-04-26 13:30:00
1651066200,135.95900285261845,2022-04-27 13:30:00
1651152600,135.4741766179488,2022-04-28 13:30:00
1651239000,134.87962872206555,2022-04-29 13:30:00
1651498200,134.46689749740935,2022-05-02 13:30:00
1651584600,134.1634512101364,2022-05-03 13:30:00
1651671000,133.9557176488583,2022-05-04 13:30:00
1651757400,133.981097874789,2022-05-05 13:30:00
1651843800,133.99959592684598,2022-05-06 13:30:00
1652103000,133.89817046388947,2022-05-09 13:30:00
1652189400,133.70140112386758,2022-05-10 13:30:00
1652275800,133.44268300511698,2022-05-11 13:30:00
1652362200,133.10370925234633,2022-05-12 13:30:00
1652448600,132.82191403185195,2022-05-13 13:30:00
1652707800,132.62286540687657,2022-05-16 13:30:00
1652794200,132.56829431143575,2022-05-17 13:30:00
1652880600,132.6725290019771,2022-05-18 13:30:00
1652967000,132.67497249720859,2022-05-19 13:30:00
1653053400,132.98886109882372,2022-05-20 13:30:00
1653312600,133.2784159861836,2022-05-23 13:30:00
1653399000,133.6968001441897,2022-05-24 13:30:00
1653485400,134.0359355428608,2022-05-25 13:30:00
1653571800,134.34408150224027,2022-05-26 13:30:00
1653658200,134.41934271209772,2022-05-27 13:30:00
1654003800,134.63321453138332,2022-05-31 13:30:00
1654090200,134.7183516343511,2022-06-01 13:30:00
1654176600,134.63333100100067,2022-06-02 13:30:00
1654263000,134.7640533804703,2022-06-03 13:30:00
1654522200,134.88191680744472,2022-06-06 13:30:00
1654608600,134.82965482468018,2022-06-07 13:30:00
1654695000,134.70479576688516,2022-06-08 13:30:00
1654781400,134.6365885920854,2022-06-09 13:30:00
1654867800,134.38593446665678,2022-06-10 13:30:00
1655127000,134.10593827084517,2022-06-13 13:30:00
1655213400,133.6572135890503,2022-06-14 13:30:00
1655299800,133.21641977015324,2022-06-15 13:30:00
1655386200,132.99529740646616,2022-06-16 13:30:00
1655472600,132.9621644844321,2022-06-17 13:30:00
1655818200,132.93184578100033,2022-06-21 13:30:00
1655904600,133.1075982046731,2022-06-22 13:30:00
1655991000,133.27542741359147,2022-06-23 13:30:00
1656077400,133.27405136750903,2022-06-24 13:30:00
1656336600,133.21802974902667,2022-06-27 13:30:00
1656423000,133.26770649231244,2022-06-28 13:30:00
1656509400,133.2115097710015,2022-06-29 13:30:00
1656595800,133.15336153781192,2022-06-30 13:30:00
1656682200,133.29826955029475,2022-07-01 13:30:00
1657027800,133.3334644569042,2022-07-05 13:30:00
1657114200,133.17503016518546,2022-07-06 13:30:00
1657200600,133.07083179812747,2022-07-07 13:30:00
1657287000,133.03235663466677,2022-07-08 13:30:00
1657546200,132.81790036089765,2022-07-11 13:30:00
1657632600,132.464519207788,2022-07-12 13:30:00
1657719000,132.33587844711002,2022-07-13 13:30:00
1657805400,132.26419868899202,2022-07-14 13:30:00
1657891800,132.0322438415081,2022-07-15 13:30:00
1658151000,131.86206980018727,2022-07-18 13:30:00
1658237400,131.91741522702017,2022-07-19 13:30:00
1658323800,132.0014213855903,2022-07-20 13:30:00
1658410200,132.0354328415874,2022-07-21 13:30:00
1658496600,132.19569701302856,2022-07-22 13:30:00
1658755800,132.32816988013212,2022-07-25 13:30:00
1658842200,132.43226410416568,2022-07-26 13:30:00
1658928600,132.37471621129959,2022-07-27 13:30:00
1659015000,132.43482671111698,2022-07-28 13:30:00
1659101400,132.5522172384919,2022-07-29 13:30:00
1659360600,132.6340009742267,2022-08-01 13:30:00
1659447000,132.75649941759474,2022-08-02 13:30:00
1659533400,132.88295586227704,2022-08-03 13:30:00
1659619800,132.89780037047407,2022-08-04 13:30:00
1659706200,132.94471127447818,2022-08-05 13:30:00
1659965400,132.8635957866728,2022-08-08 13:30:00
1660051800,132.7587999289912,2022-08-09 13:30:00
1660138200,132.74732507824856,2022-08-10 13:30:00
1660224600,132.9293714422974,2022-08-11 13:30:00
1660311000,133.00940917235386,2022-08-12 13:30:00
1660570200,133.15024600049682,2022-08-15 13:30:00
1660656600,133.157769332176,2022-08-16 13:30:00
1660743000,133.12165198176626,2022-08-17 13:30:00
1660829400,132.88907009305444,2022-08-18 13:30:00
1660915800,132.5892311665767,2022-08-19 13:30:00
1661175000,132.23020569821838,2022-08-22 13:30:00
1661261400,131.8573653085845,2022-08-23 13:30:00
1661347800,131.5795667424852,2022-08-24 13:30:00
1661434200,131.28965585452985,2022-08-25 13:30:00
1661520600,131.14315542756685,2022-08-26 13:30:00
1661779800,131.0220275222429,2022-08-29 13:30:00
1661866200,130.95143917228472,2022-08-30 13:30:00
1661952600,130.81822211165343,2022-08-31 13:30:00
1662039000,130.77987726858962,2022-09-01 13:30:00
1662125400,130.58437219127592,2022-09-02 13:30:00
1662471000,130.4192821213282,2022-09-06 13:30:00
1662557400,130.21492618090443,2022-09-07 13:30:00
1662643800,130.0429203128321,2022-09-08 13:30:00
1662730200,129.81237162361057,2022-09-09 13:30:00
1662989400,129.80815313502987,2022-09-12 13:30:00
1663075800,129.90686816461275,2022-09-13 13:30:00
1663162200,129.95766224767223,2022-09-14 13:30:00
1663248600,129.96810645984408,2022-09-15 13:30:00
1663335000,129.92695896314655,2022-09-16 13:30:00
1663594200,129.7992898952596,2022-09-19 13:30:00
1663680600,129.58766514020618,2022-09-20 13:30:00
1663767000,129.44729509068688,2022-09-21 13:30:00
1663853400,129.1532843782627,2022-09-22 13:30:00
1663939800,128.8965655578958,2022-09-23 13:30:00
1664199000,128.42050896957895,2022-09-26 13:30:00
1664285400,127.85518395092178,2022-09-27 13:30:00
1664371800,127.31220685602511,2022-09-28 13:30:00
1664458200,127.00874407178578,2022-09-29 13:30:00
1664544600,126.85872993357198,2022-09-30 13:30:00
1664803800,126.95986355385264,2022-10-03 13:30:00
1664890200,127.27173496014916,2022-10-04 13:30:00
1664976600,127.76424842214738,2022-10-05 13:30:00
1665063000,128.10118254491596,2022-10-06 13:30:00
1665149400,128.21300183298385,2022-10-07 13:30:00
1665408600,128.20815665198853,2022-10-10 13:30:00
1665495000,128.01075181919455,2022-10-11 13:30:00
1665581400,127.65348566951006,2022-10-12 13:30:00
1665667800,127.35879780651865,2022-10-13 13:30:00
1665754200,127.21905051465278,2022-10-14 13:30:00
1666013400,127.02835718716187,2022-10-17 13:30:00
1666099800,127.0400266880687,2022-10-18 13:30:00
1666186200,127.08427861758537,2022-10-19 13:30:00
1666272600,127.03048496603913,2022-10-20 13:30:00
1666359000,126.93882182036309,2022-10-21 13:30:00
1666618200,127.01627446870984,2022-10-24 13:30:00
1666704600,126.92458164519226,2022-10-25 13:30:00
1666791000,126.93934598362179,2022-10-26 13:30:00
1666877400,127.29380759449728,2022-10-27 13:30:00
1666963800,127.49541182040002,2022-10-28 13:30:00
1667223000,127.56996308986595,2022-10-31 13:30:00
1667309400,127.50109969658517,2022-11-01 13:30:00
1667395800,127.38898713108256,2022-11-02 13:30:00
1667482200,126.99521486706806,2022-11-03 13:30:00
1667568600,126.63987834870618,2022-11-04 13:30:00
1667831400,126.67498070633037,2022-11-07 14:30:00
1667917800,126.91120275043377,2022-11-08 14:30:00
1668004200,127.13500615033908,2022-11-09 14:30:00
1668090600,127.36757452455254,2022-11-10 14:30:00
1668177000,128.02579902674208,2022-11-11 14:30:00
1668436200,128.60719881258353,2022-11-14 14:30:00
1668522600,129.18980571970945,2022-11-15 14:30:00
1668609000,129.81610523527513,2022-11-16 14:30:00
1668695400,130.44321432508332,2022-11-17 14:30:00
1668781800,130.59238261870397,2022-11-18 14:30:00
1669041000,130.51839087239708,2022-11-21 14:30:00
1669127400,130.2936947522881,2022-11-22 14:30:00
1669213800,130.081279299194,2022-11-23 14:30:00
1669386600,130.07121251462877,2022-11-25 14:30:00
1669645800,130.09384139772698,2022-11-28 14:30:00
1669732200,129.97894715938554,2022-11-29 14:30:00
1669818600,130.0877093491717,2022-11-30 14:30:00
1669905000,130.35718469816166,2022-12-01 14:30:00
1669991400,130.6788485802948,2022-12-02 14:30:00
1670250600,131.160489514493,2022-12-05 14:30:00
1670337000,131.70669053018784,2022-12-06 14:30:00
1670423400,132.10680446064038,2022-12-07 14:30:00
1670509800,132.32616976311115,2022-12-08 14:30:00
1670596200,132.37009512958485,2022-12-09 14:30:00
1670855400,132.37940865958086,2022-12-12 14:30:00
1670941800,132.36803124818624,2022-12-13 14:30:00
1671028200,132.6028568956742,2022-12-14 14:30:00
1671114600,132.77916040928736,2022-12-15 14:30:00
1671201000,132.78110223736917,2022-12-16 14:30:00
1671460200,132.75738148038482,2022-12-19 14:30:00
1671546600,132.78673917055346,2022-12-20 14:30:00
1671633000,132.79555123571316,2022-12-21 14:30:00
1671719400,132.6832353098249,2022-12-22 14:30:00
1671805800,132.71157988743627,2022-12-23 14:30:00
1672151400,132.79157570277866,2022-12-27 14:30:00
1672237800,132.86276544947378,2022-12-28 14:30:00
1672324200,132.7014147722346,2022-12-29 14:30:00
1672410600,132.72257496179392,2022-12-30 14:30:00
1672756200,132.79461828648658,2023-01-03 14:30:00
1672842600,132.78071137918045,2023-01-04 14:30:00
1672929000,132.8276700724851,2023-01-05 14:30:00
1673015400,132.88995486937893,2023-01-06 14:30:00
1673274600,133.07539273614435,2023-01-09 14:30:00
1673361000,133.383507732943,2023-01-10 14:30:00
1673447400,133.71828475318398,2023-01-11 14:30:00
1673533800,134.03739366310003,2023-01-12 14:30:00
1673620200,134.61986668667137,2023-01-13 14:30:00
1673965800,134.99743590519273,2023-01-17 14:30:00
1674052200,135.1818928276829,2023-01-18 14:30:00
1674138600,135.38277816603818,2023-01-19 14:30:00
1674225000,135.55831565205412,2023-01-20 14:30:00
1674484200,135.52561370622715,2023-01-23 14:30:00
1674570600,135.4651096592483,2023-01-24 14:30:00
1674657000,135.46405222099665,2023-01-25 14:30:00
1674743400,135.46884385535947,2023-01-26 14:30:00
1674829800,135.45038094272508,2023-01-27 14:30:00
1675089000,135.4315590206266,2023-01-30 14:30:00
1675175400,135.4391752731172,2023-01-31 14:30:00
1675261800,135.69497784520493,2023-02-01 14:30:00
1675348200,136.05467004922147,2023-02-02 14:30:00
1675434600,136.39736077677043,2023-02-03 14:30:00
1675693800,136.51938266760598,2023-02-06 14:30:00
1675780200,136.5209600034985,2023-02-07 14:30:00
1675866600,136.28741532687985,2023-02-08 14:30:00
1675953000,135.93136522372978,2023-02-09 14:30:00
1676039400,135.6397626870209,2023-02-10 14:30:00
1676298600,135.51840429914802,2023-02-13 14:30:00
1676385000,135.494266186798,2023-02-14 14:30:00
1676471400,135.4143729027123,2023-02-15 14:30:00
1676557800,135.2315454710534,2023-02-16 14:30:00
1676644200,134.99370630077354,2023-02-17 14:30:00
1676989800,134.8295238615911,2023-02-21 14:30:00
1677076200,134.62846763506246,2023-02-22 14:30:00
1677162600,134.36477543822568,2023-02-23 14:30:00
1677249000,134.18525479919873,2023-02-24 14:30:00
1677508200,133.86887908752513,2023-02-27 14:30:00
1677594600,133.61155636060022,2023-02-28 14:30:00
1677681000,133.42214663577928,2023-03-01 14:30:00
1677767400,133.4745975785099,2023-03-02 14:30:00
1677853800,133.41659827260963,2023-03-03 14:30:00
1678113000,133.60129333403103,2023-03-06 14:30:00
1678199400,133.70302712708653,2023-03-07 14:30:00
1678285800,133.61984653091548,2023-03-08 14:30:00
1678372200,133.37779491307563,2023-03-09 14:30:00
1678458600,133.29592737596025,2023-03-10 14:30:00
1678714200,133.28867007541328,2023-03-13 13:30:00
1678800600,133.50615400116232,2023-03-14 13:30:00
1678887000,133.8614089944848,2023-03-15 13:30:00
1678973400,134.13387105653845,2023-03-16 13:30:00
1679059800,134.4259216982903,2023-03-17 13:30:00
1679319000,134.64220130499115,2023-03-20 13:30:00
1679405400,134.71786597452254,2023-03-21 13:30:00
1679491800,134.79837105824723,2023-03-22 13:30:00
1679578200,135.02321286571114,2023-03-23 13:30:00
1679664600,135.31561877622113,2023-03-24 13:30:00
1679923800,135.42168914785873,2023-03-27 13:30:00
1680010200,135.45329836402993,2023-03-28 13:30:00
1680096600,135.57710402705078,2023-03-29 13:30:00
1680183000,135.56245700932612,2023-03-30 13:30:00
1680269400,135.5092906484769,2023-03-31 13:30:00
1680528600,135.63122897146155,2023-04-03 13:30:00
1680615000,135.83363777860296,2023-04-04 13:30:00
1680701400,136.0147929986008,2023-04-05 13:30:00
1680787800,136.2189572883383,2023-04-06 13:30:00
1681133400,136.34740220002976,2023-04-10 13:30:00
1681219800,136.313139314294,2023-04-11 13:30:00
1681306200,136.22542896312925,2023-04-12 13:30:00
1681392600,136.19063719456432,2023-04-13 13:30:00
1681479000,136.2697532277253,2023-04-14 13:30:00
1681738200,136.2935416132089,2023-04-17 13:30:00
1681824600,136.33899487124043,2023-04-18 13:30:00
1681911000,136.40551983110248,2023-04-19 13:30:00
1681997400,136.3085918462944,2023-04-20 13:30:00
1682083800,136.18396922445856,2023-04-21 13:30:00
1682343000,136.0880801163092,2023-04-24 13:30:00
1682429400,136.0919973156792,2023-04-25 13:30:00
1682515800,135.96913730162194,2023-04-26 13:30:00
1682602200,135.92386631937964,2023-04-27 13:30:00
1682688600,135.83765211723005,2023-04-28 13:30:00
1682947800,135.69007608342247,2023-05-01 13:30:00
1683034200,135.48271956923463,2023-05-02 13:30:00
1683120600,135.38229147151358,2023-05-03 13:30:00
1683207000,135.3657650230095,2023-05-04 13:30:00
1683293400,135.3563569118015,2023-05-05 13:30:00
1683552600,135.45166338620584,2023-05-08 13:30:00
1683639000,135.55672402980355,2023-05-09 13:30:00
1683725400,135.60628514420486,2023-05-10 13:30:00
1683811800,135.61236383525926,2023-05-11 13:30:00
1683898200,135.51367075945637,2023-05-12 13:30:00
1684157400,135.31832461802503,2023-05-15 13:30:00
1684243800,135.1735166835396,2023-05-16 13:30:00
1684330200,135.0011860691111,2023-05-17 13:30:00
1684416600,134.73326271305476,2023-05-18 13:30:00
1684503000,134.4284680983778,2023-05-19 13:30:00
1684762200,134.27919065552652,2023-05-22 13:30:00
1684848600,134.0659914245703,2023-05-23 13:30:00
1684935000,133.86677443734357,2023-05-24 13:30:00
1685021400,133.67898976226454,2023-05-25 13:30:00
1685107800,133.5599748996,2023-05-26 13:30:00
1685453400,133.37498660070221,2023-05-30 13:30:00
1685539800,133.2679098672508,2023-05-31 13:30:00
1685626200,133.15008306351052,2023-06-01 13:30:00
1685712600,133.18803361936813,2023-06-02 13:30:00
1685971800,133.26048642119386,2023-06-05 13:30:00
1686058200,133.3225062423425,2023-06-06 13:30:00
1686144600,133.3161013977705,2023-06-07 13:30:00
1686231000,133.33958459999855,2023-06-08 13:30:00
1686317400,133.3617087611739,2023-06-09 13:30:00
1686576600,133.3721389678774,2023-06-12 13:30:00
1686663000,133.35985900066527,2023-06-13 13:30:00
1686749400,133.38423528614723,2023-06-14 13:30:00
1686835800,133.46130354874884,2023-06-15 13:30:00
1686922200,133.57686096563208,2023-06-16 13:30:00
1687267800,133.61520019322938,2023-06-20 13:30:00
1687354200,133.65112642823277,2023-06-21 13:30:00
1687440600,133.67400786302974,2023-06-22 13:30:00
1687527000,133.63779219446084,2023-06-23 13:30:00
1687786200,133.38901166624348,2023-06-26 13:30:00
1687872600,133.19470260428585,2023-06-27 13:30:00
1687959000,133.07060075153342,2023-06-28 13:30:00
1688045400,132.84122110137724,2023-06-29 13:30:00
1688131800,132.59554371855228,2023-06-30 13:30:00
1688391000,132.49750002777714,2023-07-03 13:30:00
1688563800,132.52112902958046,2023-07-05 13:30:00
1688650200,132.42673960922212,2023-07-06 13:30:00
1688736600,132.45645414943309,2023-07-07 13:30:00
1688995800,132.68041546944423,2023-07-10 13:30:00
1689082200,132.83848736974556,2023-07-11 13:30:00
1689168600,133.01510211092187,2023-07-12 13:30:00
1689255000,133.4286644563113,2023-07-13 13:30:00
1689341400,133.94916152427163,2023-07-14 13:30:00
1689600600,134.32121342428292,2023-07-17 13:30:00
1689687000,134.63823094108804,2023-07-18 13:30:00
1689773400,134.85882766297183,2023-07-19 13:30:00
1689859800,134.80041849355052,2023-07-20 13:30:00
1689946200,134.638142215493,2023-07-21 13:30:00
1690205400,134.40659840988894,2023-07-24 13:30:00
1690291800,134.19828758368686,2023-07-25 13:30:00
1690378200,134.09883893708164,2023-07-26 13:30:00
1690464600,134.11779381123227,2023-07-27 13:30:00
1690551000,134.03201451833633,2023-07-28 13:30:00
1690810200,134.03952120358818,2023-07-31 13:30:00
1690896600,133.933666054067,2023-08-01 13:30:00
1690983000,133.67706873682658,2023-08-02 13:30:00
1691069400,133.31736532128343,2023-08-03 13:30:00
1691155800,133.08468978323995,2023-08-04 13:30:00
1691415000,132.86719557631733,2023-08-07 13:30:00
1691501400,132.7254406023265,2023-08-08 13:30:00
1691587800,132.55503587653575,2023-08-09 13:30:00
1691674200,132.51559324209435,2023-08-10 13:30:00
1691760600,132.41395038094174,2023-08-11 13:30:00
1692019800,132.2138808954734,2023-08-14 13:30:00
1692106200,131.98992151432782,2023-08-15 13:30:00
1692192600,131.82443140510964,2023-08-16 13:30:00
1692279000,131.5728214194258,2023-08-17 13:30:00
1692365400,131.36557456080538,2023-08-18 13:30:00
1692624600,131.244465943355,2023-08-21 13:30:00
1692711000,131.1835089859731,2023-08-22 13:30:00
1692797400,131.12563588778812,2023-08-23 13:30:00
1692883800,131.20219909915804,2023-08-24 13:30:00
1692970200,131.20896777770957,2023-08-25 13:30:00
1693229400,131.17275135340304,2023-08-28 13:30:00
1693315800,131.15595365432014,2023-08-29 13:30:00
1693402200,131.22943561521583,2023-08-30 13:30:00
1693488600,131.22314073270186,2023-08-31 13:30:00
1693575000,131.35181206863908,2023-09-01 13:30:00
1693920600,131.45771532554969,2023-09-05 13:30:00
1694007000,131.433411499076,2023-09-06 13:30:00
1694093400,131.30094544292155,2023-09-07 13:30:00
1694179800,131.1615232597827,2023-09-08 13:30:00
1694439000,130.91613748496192,2023-09-11 13:30:00
1694525400,130.85895636091396,2023-09-12 13:30:00
1694611800,130.918872123558,2023-09-13 13:30:00
1694698200,131.00432775254563,2023-09-14 13:30:00
1694784600,131.06268846842778,2023-09-15 13:30:00
1695043800,131.15746561579368,2023-09-18 13:30:00
1695130200,131.10424197650272,2023-09-19 13:30:00
1695216600,131.0374728615788,2023-09-20 13:30:00
1695303000,130.93101003783576,2023-09-21 13:30:00
1695389400,130.8391765074459,2023-09-22 13:30:00
1695648600,130.73075933486436,2023-09-25 13:30:00
1695735000,130.56532696680932,2023-09-26 13:30:00
1695821400,130.38760866728245,2023-09-27 13:30:00
1695907800,130.19160042439213,2023-09-28 13:30:00
1695994200,130.08374017695704,2023-09-29 13:30:00
1696253400,130.02992972966194,2023-10-02 13:30:00
1696339800,129.98858472047476,2023-10-03 13:30:00
1696426200,129.96607502237654,2023-10-04 13:30:00
1696512600,130.04357419115337,2023-10-05 13:30:00
1696599000,130.10967356015098,2023-10-06 13:30:00
1696858200,130.1334907281394,2023-10-09 13:30:00
1696944600,130.2292850974638,2023-10-10 13:30:00
1697031000,130.37174635356732,2023-10-11 13:30:00
1697117400,130.48410046685765,2023-10-12 13:30:00
1697203800,130.4798937724525,2023-10-13 13:30:00
1697463000,130.4483046234673,2023-10-16 13:30:00
1697549400,130.44218464677937,2023-10-17 13:30:00
1697635800,130.4028176575486,2023-10-18 13:30:00
1697722200,130.30246946338087,2023-10-19 13:30:00
1697808600,130.30743493806943,2023-10-20 13:30:00
1698067800,130.330392463796,2023-10-23 13:30:00
1698154200,130.3545125728115,2023-10-24 13:30:00
1698240600,130.35606293981763,2023-10-25 13:30:00
1698327000,130.34689738890089,2023-10-26 13:30:00
1698413400,130.2995753838522,2023-10-27 13:30:00
1698672600,130.25163698686265,2023-10-30 13:30:00
1698759000,130.20119385061784,2023-10-31 13:30:00
1698845400,130.0685017609265,2023-11-01 13:30:00
1698931800,130.0446411263618,2023-11-02 13:30:00
1699018200,130.07577552609183,2023-11-03 13:30:00
1699281000,130.23576665525644,2023-11-06 14:30:00
1699367400,130.3766309060873,2023-11-07 14:30:00
1699453800,130.59695228127575,2023-11-08 14:30:00
1699540200,130.77236032185525,2023-11-09 14:30:00
1699626600,130.85185219183523,2023-11-10 14:30:00
1699885800,130.79172996120914,2023-11-13 14:30:00
1699972200,130.7165806153311,2023-11-14 14:30:00
1700058600,130.87925089205743,2023-11-15 14:30:00
1700145000,131.0360143648004,2023-11-16 14:30:00
1700231400,131.2588822188141,2023-11-17 14:30:00
1700490600,131.5751251616263,2023-11-20 14:30:00
1700577000,131.99191935729985,2023-11-21 14:30:00
1700663400,132.2240615138865,2023-11-22 14:30:00
1700836200,132.43514322247995,2023-11-24 14:30:00
1701095400,132.64941771747846,2023-11-27 14:30:00
1701181800,132.808858527545,2023-11-28 14:30:00
1701268200,132.92372293725376,2023-11-29 14:30:00
1701354600,133.00049136576996,2023-11-30 14:30:00
1701441000,133.18313553011484,2023-12-01 14:30:00
1701700200,133.40809849249496,2023-12-04 14:30:00
1701786600,133.52943902718,2023-12-05 14:30:00
1701873000,133.55007145503674,2023-12-06 14:30:00
1701959400,133.5309868172564,2023-12-07 14:30:00
1702045800,133.54243556140023,2023-12-08 14:30:00
1702305000,133.4226395488045,2023-12-11 14:30:00
1702391400,133.34382007881737,2023-12-12 14:30:00
1702477800,133.33131570625827,2023-12-13 14:30:00
1702564200,133.4975112148045,2023-12-14 14:30:00
1702650600,133.7563750049696,2023-12-15 14:30:00
1702909800,134.01236694846284,2023-12-18 14:30:00
1702996200,134.27528228206106,2023-12-19 14:30:00
1703082600,134.5287452574712,2023-12-20 14:30:00
1703169000,134.58887467334566,2023-12-21 14:30:00
1703255400,134.53438840565508,2023-12-22 14:30:00
1703601000,134.5257631018253,2023-12-26 14:30:00
1703687400,134.55892654507807,2023-12-27 14:30:00
1703773800,134.62039204571332,2023-12-28 14:30:00
1703860200,134.77646918172857,2023-12-29 14:30:00
1704205800,135.00863096317056,2024-01-02 14:30:00
1704292200,135.1232106200173,2024-01-03 14:30:00
1704378600,135.16232218110184,2024-01-04 14:30:00
1704465000,135.1357166717577,2024-01-05 14:30:00
1704724200,135.09812341577594,2024-01-08 14:30:00
1704810600,134.90981860410298,2024-01-09 14:30:00
1704897000,134.8125330164333,2024-01-10 14:30:00
1704983400,134.77903309595757,2024-01-11 14:30:00
1705069800,134.79188565317116,2024-01-12 14:30:00
1705415400,134.7577659300129,2024-01-16 14:30:00
1705501800,134.6033978544488,2024-01-17 14:30:00
1705588200,134.45592325742183,2024-01-18 14:30:00
1705674600,134.30197518650053,2024-01-19 14:30:00
1705933800,134.129253902661,2024-01-22 14:30:00
1706020200,133.96304635859872,2024-01-23 14:30:00
1706106600,133.92986006036872,2024-01-24 14:30:00
1706193000,133.98056347181915,2024-01-25 14:30:00
1706279400,134.00789587040467,2024-01-26 14:30:00
1706538600,134.00046135429295,2024-01-29 14:30:00
1706625000,134.0134432114008,2024-01-30 14:30:00
1706711400,134.02645220311825,2024-01-31 14:30:00
1706797800,134.1037867056925,2024-02-01 14:30:00
1706884200,134.2619699610745,2024-02-02 14:30:00
1707143400,134.31244350236466,2024-02-05 14:30:00
1707229800,134.3080143546832,2024-02-06 14:30:00
1707316200,134.339338157475,2024-02-07 14:30:00
1707402600,134.25859203337274,2024-02-08 14:30:00
1707489000,134.10386866906225,2024-02-09 14:30:00
1707748200,134.08396717638388,2024-02-12 14:30:00
1707834600,134.11165238164963,2024-02-13 14:30:00
1707921000,134.01443280888455,2024-02-14 14:30:00
1708007400,133.92314869364014,2024-02-15 14:30:00
1708093800,133.91276741005,2024-02-16 14:30:00
1708439400,133.875085744296,2024-02-20 14:30:00
1708525800,133.87353482985867,2024-02-21 14:30:00
1708612200,133.94368334564086,2024-02-22 14:30:00
1708698600,134.0016742150147,2024-02-23 14:30:00
1708957800,133.99308606445985,2024-02-26 14:30:00
1709044200,134.0217295333261,2024-02-27 14:30:00
1709130600,134.02772381121594,2024-02-28 14:30:00
1709217000,134.0084213763324,2024-02-29 14:30:00
1709303400,134.0699639955483,2024-03-01 14:30:00
1709562600,134.15982564976457,2024-03-04 14:30:00
1709649000,134.232625490186,2024-03-05 14:30:00
1709735400,134.30842193836122,2024-03-06 14:30:00
1709821800,134.45588524942215,2024-03-07 14:30:00
1709908200,134.60437301704016,2024-03-08 14:30:00
1710163800,134.7555584693959,2024-03-11 13:30:00
1710250200,134.90022402356485,2024-03-12 13:30:00
1710336600,135.02798871577724,2024-03-13 13:30:00
1710423000,135.10363606329634,2024-03-14 13:30:00
1710509400,135.03982714707996,2024-03-15 13:30:00
1710768600,134.94030319695108,2024-03-18 13:30:00
1710855000,134.82273417696925,2024-03-19 13:30:00
1710941400,134.66805476705895,2024-03-20 13:30:00
1711027800,134.538900144107,2024-03-21 13:30:00
1711114200,134.4278636873722,2024-03-22 13:30:00
1711373400,134.2422277761182,2024-03-25 13:30:00
1711459800,134.12832063078775,2024-03-26 13:30:00
1711546200,134.04112557020443,2024-03-27 13:30:00
1711632600,133.9141780901426,2024-03-28 13:30:00
1711978200,133.97269901584036,2024-04-01 13:30:00
1712064600,134.09236742429178,2024-04-02 13:30:00
1712151000,134.17792644336956,2024-04-03 13:30:00
1712237400,134.32284391963782,2024-04-04 13:30:00
1712323800,134.49921809186384,2024-04-05 13:30:00
1712583000,134.51850225456513,2024-04-08 13:30:00
1712669400,134.57753697025993,2024-04-09 13:30:00
1712755800,134.63086291320525,2024-04-10 13:30:00
1712842200,134.5370948763369,2024-04-11 13:30:00
1712928600,134.41826507374148,2024-04-12 13:30:00
1713187800,134.2571263223872,2024-04-15 13:30:00
1713274200,134.06401320604454,2024-04-16 13:30:00
1713360600,133.82177588436815,2024-04-17 13:30:00
1713447000,133.69002291110178,2024-04-18 13:30:00
1713533400,133.557698692022,2024-04-19 13:30:00
1713792600,133.4945542316947,2024-04-22 13:30:00
1713879000,133.4396341503982,2024-04-23 13:30:00
1713965400,133.46498227346393,2024-04-24 13:30:00
1714051800,133.4423356577914,2024-04-25 13:30:00
1714138200,133.46233315350432,2024-04-26 13:30:00
1714397400,133.39860969996465,2024-04-29 13:30:00
1714483800,133.40039862450982,2024-04-30 13:30:00
1714570200,133.16655796529906,2024-05-01 13:30:00
1714656600,133.08062395881862,2024-05-02 13:30:00
1714743000,133.0176672224431,2024-05-03 13:30:00
1715002200,133.0676723938712,2024-05-06 13:30:00
1715088600,133.09209946350347,2024-05-07 13:30:00
1715175000,133.26742717680588,2024-05-08 13:30:00
1715261400,133.3125405027561,2024-05-09 13:30:00
1715347800,133.34118702210012,2024-05-10 13:30:00
1715607000,133.3024319303037,2024-05-13 13:30:00
1715693400,133.23261284532128,2024-05-14 13:30:00
1715779800,133.23303870474115,2024-05-15 13:30:00
1715866200,133.3634593083329,2024-05-16 13:30:00
1715952600,133.45748774505913,2024-05-17 13:30:00
1716211800,133.5568355493205,2024-05-20 13:30:00
1716298200,133.61672112618538,2024-05-21 13:30:00
1716384600,133.64574567561604,2024-05-22 13:30:00
1716471000,133.54288807761628,2024-05-23 13:30:00
1716557400,133.4329535887283,2024-05-24 13:30:00
1716903000,133.39635609494334,2024-05-28 13:30:00
1716989400,133.40090075254915,2024-05-29 13:30:00
1717075800,133.34415487742868,2024-05-30 13:30:00
1717162200,133.36820003701555,2024-05-31 13:30:00
1717421400,133.4406135073477,2024-06-03 13:30:00
1717507800,133.53131901461498,2024-06-04 13:30:00
1717594200,133.62773540296402,2024-06-05 13:30:00
1717680600,133.75756097413947,2024-06-06 13:30:00
1717767000,133.85536371139779,2024-06-07 13:30:00
1718026200,133.8140144104898,2024-06-10 13:30:00
1718112600,133.68504151338658,2024-06-11 13:30:00
1718199000,133.52383872156935,2024-06-12 13:30:00
1718285400,133.4621835960425,2024-06-13 13:30:00
1718371800,133.32652294569112,2024-06-14 13:30:00
1718631000,133.25843292116988,2024-06-17 13:30:00
1718717400,133.23020370962604,2024-06-18 13:30:00
1718890200,133.2387999685056,2024-06-20 13:30:00
1718976600,133.11136193936912,2024-06-21 13:30:00
1719235800,133.00335666136297,2024-06-24 13:30:00
1719322200,132.96867030031703,2024-06-25 13:30:00
1719408600,132.88412440963583,2024-06-26 13:30:00
1719495000,132.71670866029893,2024-06-27 13:30:00
1719581400,132.6352144885673,2024-06-28 13:30:00
1719840600,132.71670754380085,2024-07-01 13:30:00
1719927000,132.78925889855176,2024-07-02 13:30:00
1720013400,132.88733559124074,2024-07-03 13:30:00
1720186200,133.12464722802972,2024-07-05 13:30:00
1720445400,133.38046277312472,2024-07-08 13:30:00
1720531800,133.49762638217766,2024-07-09 13:30:00
1720618200,133.56978761612118,2024-07-10 13:30:00
1720704600,133.64757537485363,2024-07-11 13:30:00
1720791000,133.76274478452467,2024-07-12 13:30:00
1721050200,133.89393390764667,2024-07-15 13:30:00
1721136600,133.9988066743982,2024-07-16 13:30:00
1721223000,134.10650625383607,2024-07-17 13:30:00
1721309400,134.27077768719957,2024-07-18 13:30:00
1721395800,134.2765195333289,2024-07-19 13:30:00
1721655000,134.199006219305,2024-07-22 13:30:00
1721741400,134.16146727651375,2024-07-23 13:30:00
1721827800,134.135038811063,2024-07-24 13:30:00
1721914200,134.077801174864,2024-07-25 13:30:00
1722000600,134.11847971686524,2024-07-26 13:30:00
1722259800,134.16838104777747,2024-07-29 13:30:00
1722346200,134.18232134595047,2024-07-30 13:30:00
1722432600,134.2325515566673,2024-07-31 13:30:00
1722519000,134.3180000066426,2024-08-01 13:30:00
1722605400,134.3088854256069,2024-08-02 13:30:00
1722864600,134.56305180162417,2024-08-05 13:30:00
1722951000,134.9593525451598,2024-08-06 13:30:00
1723037400,135.25909940548954,2024-08-07 13:30:00
1723123800,135.43060749391918,2024-08-08 13:30:00
1723210200,135.6569641557467,2024-08-09 13:30:00
1723469400,135.6735632863361,2024-08-12 13:30:00
1723555800,135.53845046371143,2024-08-13 13:30:00
1723642200,135.5490467553253,2024-08-14 13:30:00
1723728600,135.64483111544817,2024-08-15 13:30:00
1723815000,135.65928153526045,2024-08-16 13:30:00
1724074200,135.70594320776996,2024-08-19 13:30:00
1724160600,135.89418435643893,2024-08-20 13:30:00
1724247000,136.06122604883868,2024-08-21 13:30:00
1724333400,136.21571388230757,2024-08-22 13:30:00
1724419800,136.37583086961757,2024-08-23 13:30:00
1724679000,136.62390469982859,2024-08-26 13:30:00
1724765400,136.74223098329261,2024-08-27 13:30:00
1724851800,136.82649061354635,2024-08-28 13:30:00
1724938200,136.83550267514062,2024-08-29 13:30:00
1725024600,136.91665688335104,2024-08-30 13:30:00
1725370200,136.88371525560356,2024-09-03 13:30:00
1725456600,136.8995746597399,2024-09-04 13:30:00
1725543000,136.9659604326323,2024-09-05 13:30:00
1725629400,137.16113216769128,2024-09-06 13:30:00
1725888600,137.34205999794023,2024-09-09 13:30:00
1725975000,137.4075070401689,2024-09-10 13:30:00
1726061400,137.43996347061392,2024-09-11 13:30:00
1726147800,137.3936494994166,2024-09-12 13:30:00
1726234200,137.3474755419441,2024-09-13 13:30:00
1726493400,137.37680620310434,2024-09-16 13:30:00
1726579800,137.54338810660454,2024-09-17 13:30:00
1726666200,137.6719497060602,2024-09-18 13:30:00
1726752600,137.80394089248927,2024-09-19 13:30:00
1726839000,137.92351302283444,2024-09-20 13:30:00
1727098200,137.96440403487324,2024-09-23 13:30:00
1727184600,137.93183456136194,2024-09-24 13:30:00
1727271000,138.03195195685308,2024-09-25 13:30:00
1727357400,138.04048521769187,2024-09-26 13:30:00
1727443800,138.07032565115645,2024-09-27 13:30:00
1727703000,138.14951291110253,2024-09-30 13:30:00
1727789400,138.4124403540146,2024-10-01 13:30:00
1727875800,138.5358268779293,2024-10-02 13:30:00
1727962200,138.6663666171281,2024-10-03 13:30:00
1728048600,138.67964920121693,2024-10-04 13:30:00
1728307800,138.6414914577415,2024-10-07 13:30:00
1728394200,138.43467276269243,2024-10-08 13:30:00
1728480600,138.22040849078067,2024-10-09 13:30:00
1728567000,138.00251096708536,2024-10-10 13:30:00
1728653400,137.84844974879252,2024-10-11 13:30:00
1728912600,137.72433165590155,2024-10-14 13:30:00
1728999000,137.54077664337223,2024-10-15 13:30:00
1729085400,137.3711906072764,2024-10-16 13:30:00
1729171800,137.2583938115753,2024-10-17 13:30:00
1729258200,137.09709011100838,2024-10-18 13:30:00
1729517400,136.98740672405714,2024-10-21 13:30:00
1729603800,136.85437917040105,2024-10-22 13:30:00
1729690200,136.76307919936258,2024-10-23 13:30:00
1729776600,136.6261932521502,2024-10-24 13:30:00
1729863000,136.58190459073313,2024-10-25 13:30:00
1730122200,136.42592039405702,2024-10-28 13:30:00
1730208600,136.33593714180395,2024-10-29 13:30:00
1730295000,136.24186138216578,2024-10-30 13:30:00
1730381400,136.26265283498472,2024-10-31 13:30:00
1730467800,136.28806553770022,2024-11-01 13:30:00
1730730600,136.31020153552296,2024-11-04 14:30:00
1730817000,136.42555369711164,2024-11-05 14:30:00
1730903400,136.60516719182755,2024-11-06 14:30:00
1730989800,136.45371129299127,2024-11-07 14:30:00
1731076200,136.3856473045074,2024-11-08 14:30:00
1731335400,136.2556687306791,2024-11-11 14:30:00
1731421800,135.95681643186953,2024-11-12 14:30:00
1731508200,135.51072171333848,2024-11-13 14:30:00
1731594600,135.29285481941383,2024-11-14 14:30:00
1731681000,134.8877910768236,2024-11-15 14:30:00
1731940200,134.63480103638486,2024-11-18 14:30:00
1732026600,134.50564336809424,2024-11-19 14:30:00
1732113000,134.46725917753741,2024-11-20 14:30:00
1732199400,134.4406871665317,2024-11-21 14:30:00
1732285800,134.44117859570903,2024-11-22 14:30:00
1732545000,134.3405683529745,2024-11-25 14:30:00
1732631400,134.27898475214818,2024-11-26 14:30:00
1732717800,134.21677217546298,2024-11-27 14:30:00
1732890600,134.25178049852164,2024-11-29 14:30:00
1733149800,134.5197122815519,2024-12-02 14:30:00
1733236200,134.76686635578213,2024-12-03 14:30:00
1733322600,134.92829727076506,2024-12-04 14:30:00
1733409000,135.10290565678983,2024-12-05 14:30:00
1733495400,135.3127454005226,2024-12-06 14:30:00
1733754600,135.25983428344358,2024-12-09 14:30:00
1733841000,135.27553730465345,2024-12-10 14:30:00
1733927400,135.27571466246408,2024-12-11 14:30:00
1734013800,135.2341661273249,2024-12-12 14:30:00
1734100200,135.07263369214633,2024-12-13 14:30:00
1734359400,134.93623265848342,2024-12-16 14:30:00
1734445800,134.80549693125334,2024-12-17 14:30:00
1734532200,134.70372431041227,2024-12-18 14:30:00
1734618600,134.4966831427222,2024-12-19 14:30:00
1734705000,134.29103773408252,2024-12-20 14:30:00
1734964200,134.16567453229976,2024-12-23 14:30:00
1735050600,134.01322459551665,2024-12-24 14:30:00
1735223400,133.84149969842008,2024-12-26 14:30:00
1735309800,133.8023139203517,2024-12-27 14:30:00
1735569000,133.76771359091723,2024-12-30 14:30:00
1735655400,133.6598393362812,2024-12-31 14:30:00
1735828200,133.57025754324982,2025-01-02 14:30:00
1735914600,133.51156097674183,2025-01-03 14:30:00
1736173800,133.47183701217915,2025-01-06 14:30:00
1736260200,133.52743886932538,2025-01-07 14:30:00
1736346600,133.55948302223374,2025-01-08 14:30:00
1736519400,133.6065525009504,2025-01-10 14:30:00
1736778600,133.59862963645645,2025-01-13 14:30:00
1736865000,133.5816118935854,2025-01-14 14:30:00
1736951400,133.53947195828533,2025-01-15 14:30:00
1737037800,133.56531266423946,2025-01-16 14:30:00
1737124200,133.61657288316013,2025-01-17 14:30:00
1737469800,133.83120700140864,2025-01-21 14:30:00
1737556200,134.10529640627007,2025-01-22 14:30:00
1737642600,134.3004534622056,2025-01-23 14:30:00
1737729000,134.45006465186125,2025-01-24 14:30:00
1737988200,134.7111456949151,2025-01-27 14:30:00
1738074600,134.8726438767637,2025-01-28 14:30:00
1738161000,134.90852335992219,2025-01-29 14:30:00
1738247400,134.9512415188852,2025-01-30 14:30:00
1738333800,134.99384985210267,2025-01-31 14:30:00
1738593000,135.05808563081223,2025-02-03 14:30:00
1738679400,135.1328269700071,2025-02-04 14:30:00
1738765800,135.30784144212552,2025-02-05 14:30:00
1738852200,135.5396067464899,2025-02-06 14:30:00
1738938600,135.772082103366,2025-02-07 14:30:00
1739197800,135.8027113070992,2025-02-10 14:30:00
1739284200,135.76324241843926,2025-02-11 14:30:00
1739370600,135.71670792352734,2025-02-12 14:30:00
1739457000,135.6261654863386,2025-02-13 14:30:00
1739543400,135.68354713352807,2025-02-14 14:30:00
1739889000,135.86147903428247,2025-02-18 14:30:00
1739975400,136.02916625827282,2025-02-19 14:30:00
1740061800,136.1662530191528,2025-02-20 14:30:00
1740148200,136.45995690497347,2025-02-21 14:30:00
1740407400,136.58850336696815,2025-02-24 14:30:00
1740493800,136.6481990907029,2025-02-25 14:30:00
1740580200,136.79330367790166,2025-02-26 14:30:00
1740666600,136.9151809416942,2025-02-27 14:30:00
1740753000,136.77175915308447,2025-02-28 14:30:00
1741012200,136.68170234180917,2025-03-03 14:30:00
1741098600,136.68330139122702,2025-03-04 14:30:00
1741185000,136.76411932280172,2025-03-05 14:30:00
1741271400,137.03358574389927,2025-03-06 14:30:00
1741357800,137.46197796515568,2025-03-07 14:30:00
1741613400,137.88789246293638,2025-03-10 13:30:00
1741699800,138.192439031442,2025-03-11 13:30:00
1741786200,138.47481703798599,2025-03-12 13:30:00
1741872600,138.56946666564474,2025-03-13 13:30:00
1741959000,138.61828922332816,2025-03-14 13:30:00
1742218200,138.65670691891827,2025-03-17 13:30:00
1742304600,138.7721252879136,2025-03-18 13:30:00
1742391000,138.81023908766744,2025-03-19 13:30:00
1742477400,138.85076611843655,2025-03-20 13:30:00
1742563800,138.83987504770485,2025-03-21 13:30:00
1742823000,138.77951287493184,2025-03-24 13:30:00
1742909400,138.63455812661422,2025-03-25 13:30:00
1742995800,138.48758735854173,2025-03-26 13:30:00
1743082200,138.30321204539365,2025-03-27 13:30:00
1743168600,138.20751259271938,2025-03-28 13:30:00
1743427800,138.1682234582242,2025-03-31 13:30:00
1743514200,138.278429126928,2025-04-01 13:30:00
1743600600,138.38993596831216,2025-04-02 13:30:00
1743687000,138.60796219271154,2025-04-03 13:30:00
1743773400,138.99011498718065,2025-04-04 13:30:00
1744032600,139.24053230531044,2025-04-07 13:30:00
1744119000,139.26789316545185,2025-04-08 13:30:00
1744205400,139.2782942114015,2025-04-09 13:30:00
1744291800,139.37548087178516,2025-04-10 13:30:00
1744378200,139.42790518401276,2025-04-11 13:30:00
1744637400,139.7678712230243,2025-04-14 13:30:00
1744723800,140.2081281062812,2025-04-15 13:30:00
1744810200,140.60328234245426,2025-04-16 13:30:00
1744896600,140.96473661737417,2025-04-17 13:30:00
1745242200,141.19974800499307,2025-04-21 13:30:00
1745328600,141.36038506566243,2025-04-22 13:30:00
1745415000,141.37023560413488,2025-04-23 13:30:00
1745501400,141.3705306832532,2025-04-24 13:30:00
1745587800,141.3225091851995,2025-04-25 13:30:00
1745847000,141.2412899073564,2025-04-28 13:30:00
1745933400,141.11044295417403,2025-04-29 13:30:00
1746019800,141.15362197447448,2025-04-30 13:30:00
1746106200,141.23159227855135,2025-05-01 13:30:00
1746192600,141.19762392980775,2025-05-02 13:30:00
1746451800,141.21717266443972,2025-05-05 13:30:00
1746538200,141.2523840842995,2025-05-06 13:30:00
1746624600,141.39741450185653,2025-05-07 13:30:00
1746711000,141.47679883461427,2025-05-08 13:30:00
1746797400,141.5040873950559,2025-05-09 13:30:00
1747056600,141.52010697474915,2025-05-12 13:30:00
1747143000,141.3611769184834,2025-05-13 13:30:00
1747229400,141.16514691463703,2025-05-14 13:30:00
1747315800,141.05538655774015,2025-05-15 13:30:00
1747402200,141.10637782019703,2025-05-16 13:30:00
1747661400,141.10524684824887,2025-05-19 13:30:00
1747747800,141.26540642625696,2025-05-20 13:30:00
1747834200,141.36288945677728,2025-05-21 13:30:00
1747920600,141.55382502743254,2025-05-22 13:30:00
1748007000,141.64918238529327,2025-05-23 13:30:00
1748352600,141.9170744971698,2025-05-27 13:30:00
1748439000,142.04668936557266,2025-05-28 13:30:00
1748525400,142.11285774038228,2025-05-29 13:30:00
1748611800,142.1796802278386,2025-05-30 13:30:00
1748871000,142.26218485246568,2025-06-02 13:30:00
1748957400,142.31685664825199,2025-06-03 13:30:00
1749043800,142.40891691228035,2025-06-04 13:30:00
1749130200,142.6126977705813,2025-06-05 13:30:00
1749216600,142.7642183945938,2025-06-06 13:30:00
1749475800,142.85715015698187,2025-06-09 13:30:00
1749562200,142.86349422027482,2025-06-10 13:30:00
1749648600,142.8972793514667,2025-06-11 13:30:00
1749735000,142.88560320014264,2025-06-12 13:30:00
1749821400,142.9534032121846,2025-06-13 13:30:00
1750080600,143.05814609189594,2025-06-16 13:30:00
1750167000,143.15611147015414,2025-06-17 13:30:00
1750253400,143.177180284233,2025-06-18 13:30:00
1750426200,143.15840937472194,2025-06-20 13:30:00
1750685400,143.07504967520293,2025-06-23 13:30:00
1750771800,143.0447163049002,2025-06-24 13:30:00
1750858200,143.06190134912808,2025-06-25 13:30:00
1750944600,143.17351014216325,2025-06-26 13:30:00
1751031000,143.35430497054864,2025-06-27 13:30:00
1751290200,143.46698640224207,2025-06-30 13:30:00
1751376600,143.69418759576826,2025-07-01 13:30:00
1751463000,143.91389588694588,2025-07-02 13:30:00
1751549400,144.12019572045335,2025-07-03 13:30:00
1751895000,144.222345874893,2025-07-07 13:30:00
1751981400,144.24141071832054,2025-07-08 13:30:00
1752067800,144.15063520248057,2025-07-09 13:30:00
1752154200,143.99285714481852,2025-07-10 13:30:00
1752240600,143.89165877436986,2025-07-11 13:30:00
1752499800,143.775074174012,2025-07-14 13:30:00
1752586200,143.72195446031782,2025-07-15 13:30:00
1752672600,143.5977226362033,2025-07-16 13:30:00
1752759000,143.50665263888672,2025-07-17 13:30:00
1752845400,143.3415413195029,2025-07-18 13:30:00
1753104600,143.24006937740575,2025-07-21 13:30:00
1753191000,143.2521093272623,2025-07-22 13:30:00
1753277400,143.3843328813691,2025-07-23 13:30:00
1753363800,143.52246481728054,2025-07-24 13:30:00
1753450200,143.67727873964824,2025-07-25 13:30:00
1753709400,143.7763089256898,2025-07-28 13:30:00
1753795800,143.6573642897868,2025-07-29 13:30:00
1753882200,143.46708616552357,2025-07-30 13:30:00
1753968600,143.099193275426,2025-07-31 13:30:00
1754055000,142.8599446874963,2025-08-01 13:30:00
1754314200,142.84289733644124,2025-08-04 13:30:00
1754400600,143.0096993708865,2025-08-05 13:30:00
1754487000,143.19221074594992,2025-08-06 13:30:00
1754573400,143.56339635909956,2025-08-07 13:30:00
1754659800,143.84969405895788,2025-08-08 13:30:00
1754919000,143.9282863761563,2025-08-11 13:30:00
1755005400,143.9337387628443,2025-08-12 13:30:00
1755091800,144.0011225727215,2025-08-13 13:30:00
1755178200,144.05864194912448,2025-08-14 13:30:00
1755264600,144.03178313898928,2025-08-15 13:30:00
1755523800,144.0730034460197,2025-08-18 13:30:00
1755610200,144.09784425368508,2025-08-19 13:30:00
1755696600,144.04906113414737,2025-08-20 13:30:00
1755783000,143.96808976402272,2025-08-21 13:30:00
1755869400,143.89161838276198,2025-08-22 13:30:00
1756128600,143.91474406558854,2025-08-25 13:30:00
1756215000,143.9315597755266,2025-08-26 13:30:00
1756301400,143.97925535421155,2025-08-27 13:30:00
1756387800,144.00887858435505,2025-08-28 13:30:00
1756474200,144.15929731310558,2025-08-29 13:30:00
1756819800,144.26060297726502,2025-09-02 13:30:00
1756906200,144.3502432254782,2025-09-03 13:30:00
1756992600,144.44084354853305,2025-09-04 13:30:00
1757079000,144.52593069656,2025-09-05 13:30:00
1757338200,144.62010660950438,2025-09-08 13:30:00
1757424600,144.65974255720974,2025-09-09 13:30:00
1757511000,144.74221910444172,2025-09-10 13:30:00
1757597400,144.7836558152015,2025-09-11 13:30:00
1757683800,144.88111644834459,2025-09-12 13:30:00
1757943000,144.88805392678466,2025-09-15 13:30:00
1758029400,144.91731984863316,2025-09-16 13:30:00
1758115800,145.04916612484453,2025-09-17 13:30:00
1758202200,145.16459550709882,2025-09-18 13:30:00
1758288600,145.183129792066,2025-09-19 13:30:00
1758547800,145.1737244354718,2025-09-22 13:30:00
1758634200,145.14808982417668,2025-09-23 13:30:00
1758720600,145.05721666546918,2025-09-24 13:30:00
1758807000,144.8840104643318,2025-09-25 13:30:00
1758893400,144.69108413043682,2025-09-26 13:30:00
1759152600,144.57347678427317,2025-09-29 13:30:00
1759239000,144.4820999288823,2025-09-30 13:30:00
1759325400,144.5526241814887,2025-10-01 13:30:00
1759411800,144.76634566232704,2025-10-02 13:30:00
1759498200,145.0422050611027,2025-10-03 13:30:00
1759757400,145.3237784469004,2025-10-06 13:30:00
1759843800,145.48233530612387,2025-10-07 13:30:00
1759930200,145.40517801499072,2025-10-08 13:30:00
1760016600,145.27869831512592,2025-10-09 13:30:00
1760103000,145.10409583300898,2025-10-10 13:30:00
1760362200,144.91625124254722,2025-10-13 13:30:00
1760448600,144.76404735495134,2025-10-14 13:30:00
1760535000,144.6900217251744,2025-10-15 13:30:00
1760621400,144.7115511121564,2025-10-16 13:30:00
1760707800,144.8263191319886,2025-10-17 13:30:00
1760967000,144.89215455471248,2025-10-20 13:30:00
1761053400,144.99623108001123,2025-10-21 13:30:00
1761139800,145.02211235203913,2025-10-22 13:30:00
1761226200,144.95461239902568,2025-10-23 13:30:00
1761312600,144.85656857675275,2025-10-24 13:30:00
1761571800,144.78929179504107,2025-10-27 13:30:00
1761658200,144.7480966443257,2025-10-28 13:30:00
1761744600,144.8015057902474,2025-10-29 13:30:00
1761831000,144.80841424996478,2025-10-30 13:30:00
1761917400,144.75156755086505,2025-10-31 13:30:00
1762180200,144.6982695272382,2025-11-03 14:30:00
1762266600,144.59608574809735,2025-11-04 14:30:00
1762353000,144.4067481352384,2025-11-05 14:30:00
1762439400,144.30510899411397,2025-11-06 14:30:00
1762525800,144.32914399680936,2025-11-07 14:30:00
1762785000,144.34312045921712,2025-11-10 14:30:00
1762871400,144.36470664868176,2025-11-11 14:30:00
1762957800,144.45577286665252,2025-11-12 14:30:00
1763044200,144.52095656222934,2025-11-13 14:30:00
1763130600,144.58692901959358,2025-11-14 14:30:00
1763389800,144.64512283273888,2025-11-17 14:30:00
1763476200,144.65288000162542,2025-11-18 14:30:00
1763562600,144.63538966653334,2025-11-19 14:30:00
1763649000,144.56359003162876,2025-11-20 14:30:00
1763735400,144.40820461673482,2025-11-21 14:30:00
1763994600,144.2832022150307,2025-11-24 14:30:00
1764081000,144.22000044633086,2025-11-25 14:30:00
1764167400,144.23517324797268,2025-11-26 14:30:00
1764340200,144.3593710855557,2025-11-28 14:30:00
1764599400,144.6487857127522,2025-12-01 14:30:00
1764685800,144.92623898500818,2025-12-02 14:30:00
1764772200,145.20654227625718,2025-12-03 14:30:00
1764858600,145.46569934754604,2025-12-04 14:30:00
1764945000,145.66143020332416,2025-12-05 14:30:00
1765204200,145.70475545311461,2025-12-08 14:30:00
1765290600,145.7171178166306,2025-12-09 14:30:00
1765377000,145.710674487774,2025-12-10 14:30:00
1765463400,145.72048017188993,2025-12-11 14:30:00
1765549800,145.77940570579716,2025-12-12 14:30:00
1765809000,145.84720855146557,2025-12-15 14:30:00
1765895400,145.96544969007718,2025-12-16 14:30:00
1765981800,146.1046347489384,2025-12-17 14:30:00
1766068200,146.14651231813963,2025-12-18 14:30:00
1766154600,146.1617490986888,2025-12-19 14:30:00
1766413800,146.13766931512646,2025-12-22 14:30:00
1766500200,146.13860135143088,2025-12-23 14:30:00
1766586600,146.1947705199555,2025-12-24 14:30:00
1766759400,146.33273277830364,2025-12-26 14:30:00
1767018600,146.4492479617508,2025-12-29 14:30:00
1767105000,146.62126943972035,2025-12-30 14:30:00
1767191400,146.72805778828985,2025-12-31 14:30:00
1767364200,146.9346163311837,2026-01-02 14:30:00
1767623400,147.1304302095221,2026-01-05 14:30:00
1767709800,147.3603615491656,2026-01-06 14:30:00
1767796200,147.56635523618993,2026-01-07 14:30:00
1767882600,147.7319765007674,2026-01-08 14:30:00
1767969000,147.73895398142758,2026-01-09 14:30:00
1768228200,147.6814666855861,2026-01-12 14:30:00
1768314600,147.6354985417367,2026-01-13 14:30:00
1768401000,147.5525310876289,2026-01-14 14:30:00
1768487400,147.5492303173076,2026-01-15 14:30:00
1768573800,147.52655184024889,2026-01-16 14:30:00
1768919400,147.5660469577729,2026-01-20 14:30:00
1769005800,147.61814213220464,2026-01-21 14:30:00
1769092200,147.69292680794143,2026-01-22 14:30:00
1769178600,147.77951939208384,2026-01-23 14:30:00
1769437800,148.00629205510185,2026-01-26 14:30:00
1769524200,148.26079845230834,2026-01-27 14:30:00
1769610600,148.6377564357649,2026-01-28 14:30:00
1769697000,148.97692335209885,2026-01-29 14:30:00
1769783400,149.2941547227562,2026-01-30 14:30:00
1770042600,149.63194242795709,2026-02-02 14:30:00
1770129000,149.85648503668637,2026-02-03 14:30:00
1770215400,149.96170262027383,2026-02-04 14:30:00
1770301800,150.0950136090046,2026-02-05 14:30:00
1770388200,150.16888822997188,2026-02-06 14:30:00
1770647400,150.1219221313766,2026-02-09 14:30:00
1770733800,150.24793945023077,2026-02-10 14:30:00
1770820200,150.35795987966654,2026-02-11 14:30:00
1770906600,150.51470818375566,2026-02-12 14:30:00
1770993000,150.7321071711771,2026-02-13 14:30:00
1771338600,150.8821140322347,2026-02-17 14:30:00
1771425000,150.9138208374871,2026-02-18 14:30:00
1771511400,150.8389743007372,2026-02-19 14:30:00
1771597800,150.7368009258617,2026-02-20 14:30:00
1771857000,150.62446322104947,2026-02-23 14:30:00
1771943400,150.55845974194585,2026-02-24 14:30:00
1772029800,150.5075948461569,2026-02-25 14:30:00
1772116200,150.59169609857446,2026-02-26 14:30:00
1772202600,150.72427060896698,2026-02-27 14:30:00
1772461800,150.82717784505962,2026-03-02 14:30:00
1772548200,150.77633440848243,2026-03-03 14:30:00
1772634600,150.59249716162194,2026-03-04 14:30:00
1772721000,150.4107357133445,2026-03-05 14:30:00
1772807400,150.15944792925973,2026-03-06 14:30:00
1773063000,149.91752712969333,2026-03-09 13:30:00
1773149400,149.83684895564755,2026-03-10 13:30:00
1773235800,149.89745746773352,2026-03-11 13:30:00
1773322200,149.886443971164,2026-03-12 13:30:00
1773408600,149.8323110287685,2026-03-13 13:30:00
1773667800,149.6484876607348,2026-03-16 13:30:00
1773754200,149.53045553260307,2026-03-17 13:30:00
1773840600,149.42284456584105,2026-03-18 13:30:00
1773927000,149.25752030295067,2026-03-19 13:30:00
1774013400,149.23182456873445,2026-03-20 13:30:00
1774272600,149.3216245734231,2026-03-23 13:30:00
1774359000,149.4026601919714,2026-03-24 13:30:00
1774445400,149.41346670514008,2026-03-25 13:30:00
1774531800,149.42404817513392,2026-03-26 13:30:00
1774618200,149.32156696335196,2026-03-27 13:30:00
1774877400,149.20353574000796,2026-03-30 13:30:00
1774963800,148.99096065946955,2026-03-31 13:30:00
1775050200,148.89753129858377,2026-04-01 13:30:00
1775136600,148.972181524215,2026-04-02 13:30:00
1775482200,149.03959466265448,2026-04-06 13:30:00
1775568600,149.17182034507337,2026-04-07 13:30:00
1775655000,149.40776910743602,2026-04-08 13:30:00
1775741400,149.7187763913064,2026-04-09 13:30:00
1775827800,149.95402815026307,2026-04-10 13:30:00
1776087000,150.26375165210953,2026-04-13 13:30:00
1776173400,150.5742828988057,2026-04-14 13:30:00
1776259800,150.8775628680412,2026-04-15 13:30:00
1776346200,151.00896704985942,2026-04-16 13:30:00
1776432600,151.09623766389848,2026-04-17 13:30:00
1776691800,151.1829572025164,2026-04-20 13:30:00
1776778200,151.26112896614111,2026-04-21 13:30:00
1776864600,151.208385427731,2026-04-22 13:30:00
1776951000,151.0805031128363,2026-04-23 13:30:00
1777037400,150.94280770551103,2026-04-24 13:30:00
1777296600,150.8136026489969,2026-04-27 13:30:00
1777383000,150.68923674501698,2026-04-28 13:30:00
1777469400,150.58225247589718,2026-04-29 13:30:00
1777555800,150.50088094404137,2026-04-30 13:30:00
1777642200,150.6261336050556,2026-05-01 13:30:00
1777901400,150.70849250656252,2026-05-04 13:30:00
1777987800,150.73188351105992,2026-05-05 13:30:00
1778074200,150.7946766423611,2026-05-06 13:30:00
1778160600,151.05700222483333,2026-05-07 13:30:00
1778247000,151.12450349184533,2026-05-08 13:30:00
1778506200,151.2617705683757,2026-05-11 13:30:00
1778592600,151.4266726798591,2026-05-12 13:30:00
1778679000,151.5489456500701,2026-05-13 13:30:00
1778765400,151.5198072367641,2026-05-14 13:30:00
1778851800,151.48188619305031,2026-05-15 13:30:00
1779111000,151.29931987836272,2026-05-18 13:30:00
1779197400,151.1631905733563,2026-05-19 13:30:00
1779283800,151.0143642308763,2026-05-20 13:30:00
1779370200,150.9301489720513,2026-05-21 13:30:00
1779456600,150.8676778728453,2026-05-22 13:30:00
1779802200,150.9527644316103,2026-05-26 13:30:00
1779888600,150.9743930332607,2026-05-27 13:30:00
1779975000,151.07488171882008,2026-05-28 13:30:00
1780061400,151.1348098007971,2026-05-29 13:30:00
